Permutation,eval_r2,eval_mape,eval_mdape,eval_consensus
"('DESTROYED', 'I(DESTROYED>4.5)', 'I(PALMA>0.06)', 'I(AGE_DEPENDENCY>0.67)')",0.7884488179206682,0.15130299425791616,0.11725395275789978,0.1600360430317159
"('DESTROYED', 'I(DESTROYED>4.5)', 'I(PALMA>0.06)', 'I(AGE_DEPENDENCY>0.67)', 'I(TENURE_SECURITY>0.81)')",0.7833728753111452,0.15075662201707804,0.11385601673885713,0.16041325448159666
"('DESTROYED', 'I(INCOME>0.7)', 'PALMA', 'AGE_DEPENDENCY', 'TENURE_SECURITY')",0.7683687681962038,0.14233371582891827,0.1085459837161271,0.1608369771162805
"('DESTROYED', 'I(DESTROYED>4.5)', 'I(PALMA>0.06)', 'AGE_DEPENDENCY')",0.7821441319580624,0.15317872884043704,0.1138925589787527,0.16164238528704244
"('DESTROYED', 'I(DESTROYED>4.5)', 'I(PALMA>0.06)', 'AGE_DEPENDENCY', 'I(AGE_DEPENDENCY>0.67)')",0.7842958945445903,0.1532002083638786,0.11708758143647457,0.16199729841858765
"('DESTROYED', 'I(DESTROYED>4.5)', 'I(INCOME>0.7)', 'I(PALMA>0.06)', 'I(AGE_DEPENDENCY>0.67)')",0.782378884265852,0.15393163811191773,0.1144576977321254,0.16200348385939703
"('DESTROYED', 'I(DESTROYED>4.5)', 'I(PALMA>0.06)', 'I(AGE_DEPENDENCY>0.67)', 'TENURE_SECURITY')",0.7830357540663796,0.15135262556545614,0.11798247715024232,0.1620997828831063
"('DESTROYED', 'I(INCOME>0.7)', 'AGE_DEPENDENCY', 'TENURE_SECURITY')",0.7690732185915454,0.14420334039117677,0.1122611494667978,0.1624637570888097
"('DESTROYED', 'I(DESTROYED>4.5)', 'PALMA', 'I(PALMA>0.06)', 'I(AGE_DEPENDENCY>0.67)')",0.78411155055475,0.1549981781190562,0.11685504956322144,0.1625805590425092
"('DESTROYED', 'I(INCOME>0.7)', 'PALMA', 'I(AGE_DEPENDENCY>0.67)', 'TENURE_SECURITY')",0.7656626194261429,0.14147447738432595,0.11275798693834287,0.16285661496550866
"('DESTROYED', 'I(DESTROYED>4.5)', 'I(INCOME>0.7)', 'I(AGE_DEPENDENCY>0.67)', 'TENURE_SECURITY')",0.7849017073774828,0.15124219417966048,0.12239352741566407,0.16291133807261393
"('DESTROYED', 'I(INCOME>0.7)', 'PALMA', 'AGE_DEPENDENCY')",0.7651546919426857,0.14642142298808675,0.10784456016722374,0.1630370970708749
"('DESTROYED', 'I(DESTROYED>4.5)', 'I(PALMA>0.06)')",0.7778656018687796,0.15515078647461666,0.111901046727808,0.163062077111215
"('DESTROYED', 'I(DESTROYED>4.5)', 'I(INCOME>0.7)', 'PALMA', 'I(AGE_DEPENDENCY>0.67)')",0.781260807316178,0.1573783408416699,0.11327273675552503,0.16313009009367233
"('DESTROYED', 'I(DESTROYED>4.5)', 'PALMA', 'I(AGE_DEPENDENCY>0.67)')",0.7865236828388403,0.15644059202169242,0.11968879616316884,0.16320190178200697
"('DESTROYED', 'I(DESTROYED>4.5)', 'PALMA', 'I(AGE_DEPENDENCY>0.67)', 'TENURE_SECURITY')",0.782649051453843,0.15559707236577774,0.11723021841345847,0.16339274644179774
"('DESTROYED', 'I(DESTROYED>4.5)', 'I(PALMA>0.06)', 'I(AGE_DEPENDENCY>0.67)', 'DESTROYED×INCOME')",0.7827572401410927,0.1530207699507178,0.12028522766752663,0.1635162524923839
"('DESTROYED', 'I(INCOME>0.7)', 'PALMA', 'I(AGE_DEPENDENCY>0.67)')",0.7618524998874113,0.14648339377445646,0.10645138510199136,0.1636940929963455
"('DESTROYED', 'I(DESTROYED>4.5)', 'I(INCOME>0.7)', 'I(PALMA>0.06)', 'AGE_DEPENDENCY')",0.7797005448007757,0.15511442457512328,0.11614331844316837,0.16385239940583865
"('DESTROYED', 'I(INCOME>0.7)', 'I(AGE_DEPENDENCY>0.67)', 'TENURE_SECURITY')",0.7682326094765037,0.14184915128629125,0.11837027458723308,0.16399560546567352
"('DESTROYED', 'I(DESTROYED>4.5)', 'INCOME', 'I(PALMA>0.06)', 'I(AGE_DEPENDENCY>0.67)')",0.7813233321856443,0.15305794188198907,0.12077195473413464,0.1641688548101598
"('DESTROYED', 'I(DESTROYED>4.5)', 'I(PALMA>0.06)', 'GRID_SMOD', 'I(AGE_DEPENDENCY>0.67)')",0.7793295307927899,0.1552053172770429,0.11762396079102065,0.16449991575842457
"('DESTROYED', 'I(DESTROYED>4.5)', 'PALMA', 'I(PALMA>0.06)')",0.7748992905598054,0.15840580724869432,0.1108080542013252,0.16477152363007136
"('DESTROYED', 'I(DESTROYED>4.5)', 'PALMA', 'I(PALMA>0.06)', 'AGE_DEPENDENCY')",0.7780944512129474,0.15716856419550668,0.11531105542067734,0.1647950561344122
"('DESTROYED', 'I(DESTROYED>4.5)', 'PALMA', 'I(AGE_DEPENDENCY>0.67)', 'I(TENURE_SECURITY>0.81)')",0.7811771680360817,0.15697259388377005,0.11869192432507922,0.16482911672425585
"('DESTROYED', 'I(DESTROYED>4.5)', 'I(PALMA>0.06)', 'AGE_DEPENDENCY', 'TENURE_SECURITY')",0.7733771762893829,0.15487231454281292,0.11359134982871871,0.16502882936071625
"('DESTROYED', 'I(INCOME>0.7)', 'I(PALMA>0.06)', 'I(AGE_DEPENDENCY>0.67)', 'TENURE_SECURITY')",0.7607366528802126,0.14088601022649636,0.11538721136618012,0.16517885623748793
"('DESTROYED', 'I(INCOME>0.7)', 'I(PALMA>0.06)', 'AGE_DEPENDENCY', 'TENURE_SECURITY')",0.7637839054349115,0.14288959122587674,0.11694905522548484,0.1653515803388167
"('DESTROYED', 'I(DESTROYED>4.5)', 'I(PALMA>0.06)', 'AGE_DEPENDENCY', 'DESTROYED×INCOME')",0.776324477981095,0.15563133231850004,0.11717497773034526,0.1654939440225834
"('DESTROYED', 'I(DESTROYED>4.5)', 'INCOME', 'I(PALMA>0.06)')",0.7712087988672804,0.15612640086459428,0.11161177862121134,0.1655097935395084
"('DESTROYED', 'I(DESTROYED>4.5)', 'I(PALMA>0.06)', 'I(AGE_DEPENDENCY>0.67)', 'EPR')",0.7778565278237377,0.15634852945949373,0.1181548142817976,0.16554893863918455
"('DESTROYED', 'I(INCOME>0.7)', 'PALMA', 'I(AGE_DEPENDENCY>0.67)', 'I(TENURE_SECURITY>0.81)')",0.7591800178464938,0.14474570567050649,0.1111127126538426,0.16555946682595177
"('DESTROYED', 'I(DESTROYED>4.5)', 'I(PALMA>0.06)', 'DESTROYED×INCOME')",0.7729920381787482,0.15619851008011523,0.11358932614138166,0.1655985993475829
"('DESTROYED', 'I(PALMA>0.06)', 'I(AGE_DEPENDENCY>0.67)')",0.7554501297906213,0.1392470636181583,0.11349277694293568,0.1657632369234909
"('DESTROYED', 'I(DESTROYED>4.5)', 'PALMA', 'AGE_DEPENDENCY', 'I(AGE_DEPENDENCY>0.67)')",0.782195838748507,0.15834433964897915,0.12129240958131533,0.1658136368272625
"('DESTROYED', 'INCOME', 'PALMA', 'AGE_DEPENDENCY')",0.7548194468208329,0.14521737903805804,0.10726591426018502,0.16588794882580338
"('DESTROYED', 'PALMA', 'I(AGE_DEPENDENCY>0.67)')",0.7569093238408262,0.14040200702462383,0.11457296203105603,0.16602188173828455
"('DESTROYED', 'I(DESTROYED>4.5)', 'PALMA')",0.7769474669194922,0.1600207082887034,0.1156243622846065,0.16623253455127254
"('DESTROYED', 'I(PALMA>0.06)', 'AGE_DEPENDENCY')",0.7524474055325977,0.14083173735141433,0.1104064794852532,0.16626360376802327
"('DESTROYED', 'I(DESTROYED>4.5)', 'INCOME', 'I(PALMA>0.06)', 'AGE_DEPENDENCY')",0.7740598692251331,0.15635179745222005,0.11672810173573725,0.16634000998760803
"('DESTROYED', 'I(DESTROYED>4.5)', 'PALMA', 'I(AGE_DEPENDENCY>0.67)', 'DESTROYED×INCOME')",0.7808571224895378,0.15821354081255762,0.12176709961696174,0.16637450597999387
"('DESTROYED', 'INCOME', 'I(INCOME>0.7)', 'I(AGE_DEPENDENCY>0.67)', 'TENURE_SECURITY')",0.762818730047792,0.14555333882588148,0.11639212774762,0.16637557884190315
"('DESTROYED', 'PALMA', 'AGE_DEPENDENCY')",0.7538108284622197,0.14237713026887708,0.1105741911812345,0.16638016432929728
"('DESTROYED', 'I(DESTROYED>4.5)', 'I(AGE_DEPENDENCY>0.67)', 'TENURE_SECURITY')",0.7815450550168623,0.15375415267420267,0.12706569639090554,0.1664249313494153
"('DESTROYED', 'I(DESTROYED>4.5)', 'INCOME', 'I(INCOME>0.7)', 'I(PALMA>0.06)')",0.7706146910942404,0.15672818111539946,0.11370084195668313,0.1666047773259474
"('DESTROYED', 'I(DESTROYED>4.5)', 'PALMA', 'AGE_DEPENDENCY')",0.779878014845194,0.15894370938705854,0.12095236248062265,0.16667268567416238
"('DESTROYED', 'I(DESTROYED>4.5)', 'I(INCOME>0.7)', 'I(PALMA>0.06)')",0.7720894690436102,0.15954175866510054,0.11262968583799925,0.16669399181982988
"('DESTROYED', 'I(INCOME>0.7)', 'I(PALMA>0.06)', 'I(AGE_DEPENDENCY>0.67)', 'DESTROYED×INCOME')",0.7597694815989093,0.14601261314657252,0.1140096161024015,0.1667509158833549
"('DESTROYED', 'I(DESTROYED>4.5)', 'I(INCOME>0.7)', 'PALMA', 'AGE_DEPENDENCY')",0.7787440550524716,0.1585340405652779,0.12067566686585307,0.1668218841262198
"('DESTROYED', 'INCOME', 'PALMA', 'I(AGE_DEPENDENCY>0.67)')",0.7541627611784575,0.14339937989222565,0.11127648110354994,0.16683769993910605
"('DESTROYED', 'I(INCOME>0.7)', 'I(PALMA>0.06)', 'AGE_DEPENDENCY')",0.7624754069450426,0.1439246515707159,0.11919655312060498,0.1668819325820928
"('DESTROYED', 'INCOME', 'I(INCOME>0.7)', 'I(PALMA>0.06)', 'I(AGE_DEPENDENCY>0.67)')",0.7558616066336877,0.14218485409232565,0.11443231023182451,0.16691851923015413
"('DESTROYED', 'I(DESTROYED>4.5)', 'I(INCOME>0.7)', 'PALMA')",0.7724981039571909,0.16207021316806808,0.11144616607125292,0.16700609176071005
"('DESTROYED', 'I(DESTROYED>4.5)', 'I(PALMA>0.06)', 'I(TENURE_SECURITY>0.81)')",0.7692835192766665,0.15807942787315196,0.11244992286972794,0.16708194382207112
"('DESTROYED', 'PALMA', 'AGE_DEPENDENCY', 'DESTROYED×INCOME')",0.7526617490955511,0.1444945339937295,0.1095566885052377,0.16712982446780536
"('DESTROYED', 'I(DESTROYED>4.5)', 'I(PALMA>0.06)', 'GRID_SMOD')",0.7701036762428347,0.15849117001360327,0.11304543086999433,0.16714430821358764
"('DESTROYED', 'I(DESTROYED>4.5)', 'INCOME', 'PALMA', 'I(AGE_DEPENDENCY>0.67)')",0.7793037367335259,0.15892079709005363,0.1221263841297761,0.16724781482876794
"('DESTROYED', 'I(INCOME>0.7)', 'AGE_DEPENDENCY', 'I(AGE_DEPENDENCY>0.67)', 'TENURE_SECURITY')",0.7621910687106542,0.14553883130446243,0.11841133333742039,0.1672530319770762
"('DESTROYED', 'PALMA', 'I(AGE_DEPENDENCY>0.67)', 'DESTROYED×INCOME')",0.7530302805899611,0.14269870415585734,0.11275872651643126,0.16747571669410913
"('DESTROYED', 'I(DESTROYED>4.5)', 'I(AGE_DEPENDENCY>0.67)')",0.7820713334470483,0.15693400830154422,0.12760753950949835,0.16749007145466477
"('DESTROYED', 'I(INCOME>0.7)', 'I(AGE_DEPENDENCY>0.67)', 'TENURE_SECURITY', 'DESTROYED×INCOME')",0.7644538442519256,0.1471061858832858,0.11998885886106544,0.16754706683080856
"('DESTROYED', 'INCOME', 'PALMA', 'I(AGE_DEPENDENCY>0.67)', 'I(TENURE_SECURITY>0.81)')",0.7520928071800858,0.1418125175751477,0.11299761470973346,0.16757244170159846
"('DESTROYED', 'I(DESTROYED>4.5)', 'PALMA', 'I(PALMA>0.06)', 'DESTROYED×INCOME')",0.7700895708907101,0.16021746949326718,0.11346774392715823,0.16786521417657177
"('DESTROYED', 'I(DESTROYED>4.5)', 'I(PALMA>0.06)', 'AGE_DEPENDENCY', 'I(TENURE_SECURITY>0.81)')",0.7700970561107704,0.1561989881034262,0.11761301502367201,0.16790498233877593
"('DESTROYED', 'I(INCOME>0.7)', 'AGE_DEPENDENCY')",0.7649434011839922,0.15071206545371701,0.11811705182787219,0.16796190536586567
"('DESTROYED', 'I(PALMA>0.06)', 'I(AGE_DEPENDENCY>0.67)', 'I(TENURE_SECURITY>0.81)')",0.7485375539574481,0.13938010777073673,0.1130878985358607,0.1679768174497164
"('DESTROYED', 'I(INCOME>0.7)', 'I(AGE_DEPENDENCY>0.67)')",0.7629986056063809,0.1494054724132677,0.11760486400902116,0.16800391027196934
"('DESTROYED', 'INCOME', 'I(PALMA>0.06)', 'I(AGE_DEPENDENCY>0.67)')",0.751117468739303,0.14263324378063402,0.11278113436297846,0.1680989698014365
"('DESTROYED', 'I(INCOME>0.7)', 'PALMA', 'AGE_DEPENDENCY', 'I(AGE_DEPENDENCY>0.67)')",0.7554605822749119,0.14993893820680126,0.10986841819004876,0.16811559137397938
"('DESTROYED', 'I(DESTROYED>4.5)', 'I(PALMA>0.06)', 'TENURE_SECURITY')",0.7687696546992554,0.1582468473783638,0.11489183141441224,0.16812300803117353
"('DESTROYED', 'I(DESTROYED>4.5)', 'INCOME', 'I(PALMA>0.06)', 'I(TENURE_SECURITY>0.81)')",0.7641677793649635,0.1587656326021489,0.10983492072148045,0.16814425798622193
"('DESTROYED', 'I(DESTROYED>4.5)', 'I(PALMA>0.06)', 'GRID_SMOD', 'AGE_DEPENDENCY')",0.7728550179833307,0.15783455560725113,0.11965909821274827,0.16821287861222292
"('DESTROYED', 'I(DESTROYED>4.5)', 'PALMA', 'GRID_SMOD', 'I(AGE_DEPENDENCY>0.67)')",0.7757358498530256,0.16046705351579546,0.11995866891441284,0.16822995752572756
"('DESTROYED', 'I(DESTROYED>4.5)', 'PALMA', 'AGE_DEPENDENCY', 'DESTROYED×INCOME')",0.7754966641522475,0.1600834073021139,0.12017462192981235,0.1682537883598929
"('DESTROYED', 'I(DESTROYED>4.5)', 'I(AGE_DEPENDENCY>0.67)', 'TENURE_SECURITY', 'DESTROYED×INCOME')",0.7788852029517819,0.15449092906688833,0.12919387515001024,0.1682665337550389
"('DESTROYED', 'INCOME', 'I(PALMA>0.06)', 'AGE_DEPENDENCY')",0.7513868856643102,0.1445210495967446,0.11172692808085787,0.16828703067109743
"('DESTROYED', 'I(DESTROYED>4.5)', 'INCOME', 'PALMA', 'I(PALMA>0.06)')",0.7684098144007726,0.1605208176748732,0.11285006278805955,0.1683203553540534
"('DESTROYED', 'I(INCOME>0.7)', 'PALMA', 'I(PALMA>0.06)', 'AGE_DEPENDENCY')",0.7577361185215516,0.14794470575085952,0.11490135305726164,0.16836998009552318
"('DESTROYED', 'I(INCOME>0.7)', 'AGE_DEPENDENCY', 'TENURE_SECURITY', 'I(TENURE_SECURITY>0.81)')",0.7612862284759587,0.14761929790529182,0.11880409344888611,0.16837905429273972
"('DESTROYED', 'PALMA', 'I(AGE_DEPENDENCY>0.67)', 'I(TENURE_SECURITY>0.81)')",0.7498240985622724,0.14052857381202383,0.11469081138966182,0.16846509554647107
"('DESTROYED', 'I(DESTROYED>4.5)', 'INCOME', 'I(AGE_DEPENDENCY>0.67)', 'TENURE_SECURITY')",0.7776020209533403,0.1551255264454819,0.1279810942991872,0.16850153326377626
"('DESTROYED', 'INCOME', 'PALMA', 'AGE_DEPENDENCY', 'I(TENURE_SECURITY>0.81)')",0.7509955124772861,0.14656449694551996,0.11009054008991208,0.1685531748527153
"('DESTROYED', 'PALMA', 'I(PALMA>0.06)', 'AGE_DEPENDENCY')",0.7483737752174107,0.14320600818866078,0.1108615898885132,0.16856460761992112
"('DESTROYED', 'I(INCOME>0.7)', 'PALMA', 'AGE_DEPENDENCY', 'I(TENURE_SECURITY>0.81)')",0.7601581526702659,0.14747617224710463,0.11841427786449468,0.16857743248044446
"('DESTROYED', 'I(AGE_DEPENDENCY>0.67)')",0.7612362431091199,0.14377776301236353,0.12323411374565427,0.16859187788296595
"('DESTROYED', 'I(INCOME>0.7)', 'I(AGE_DEPENDENCY>0.67)', 'TENURE_SECURITY', 'I(TENURE_SECURITY>0.81)')",0.7596014480142289,0.14461032143335617,0.12085857803977708,0.16862248381963477
"('DESTROYED', 'PALMA', 'I(AGE_DEPENDENCY>0.67)', 'I(TENURE_SECURITY>0.81)', 'DESTROYED×INCOME')",0.7482902515562795,0.14150651102660564,0.1127786199169755,0.16866495979576723
"('DESTROYED', 'PALMA', 'I(PALMA>0.06)', 'I(AGE_DEPENDENCY>0.67)')",0.7510160984836871,0.1414577033392199,0.1156559151300068,0.16869917332851317
"('DESTROYED', 'INCOME', 'PALMA', 'I(AGE_DEPENDENCY>0.67)', 'TENURE_SECURITY')",0.7477516092057348,0.14296673524931813,0.11092539248860678,0.1687135061773967
"('DESTROYED', 'INCOME', 'I(INCOME>0.7)', 'PALMA', 'I(AGE_DEPENDENCY>0.67)')",0.756526939513392,0.14920332663830627,0.11351017746780237,0.16872885486423886
"('DESTROYED', 'I(PALMA>0.06)', 'I(AGE_DEPENDENCY>0.67)', 'DESTROYED×INCOME')",0.7504225926004882,0.14187606903234637,0.11485410457029263,0.16876919366738363
"('DESTROYED', 'I(INCOME>0.7)', 'PALMA', 'AGE_DEPENDENCY', 'EPR')",0.7590496310408233,0.1527368428383694,0.11268028605603332,0.16878916595119312
"('DESTROYED', 'I(DESTROYED>4.5)', 'PALMA', 'DESTROYED×INCOME')",0.7721196250962171,0.16174219337643206,0.11680467459908804,0.16880908095976765
"('DESTROYED', 'I(DESTROYED>4.5)', 'I(PALMA>0.06)', 'EPR')",0.768514021125944,0.15855912845978953,0.11640864236854669,0.16881791656746406
"('DESTROYED', 'I(DESTROYED>4.5)', 'I(PALMA>0.06)', 'I(TENURE_SECURITY>0.81)', 'DESTROYED×INCOME')",0.7650111605895384,0.1590767306644498,0.11251463828607976,0.16886006945366372
"('DESTROYED', 'I(DESTROYED>4.5)', 'I(INCOME>0.7)', 'I(PALMA>0.06)', 'DESTROYED×INCOME')",0.7711843227075048,0.159612335816741,0.11837013840848183,0.16893271717257266
"('DESTROYED', 'PALMA')",0.7513254870554664,0.1443218476215224,0.11391412414648114,0.16897016157084568
"('DESTROYED', 'INCOME', 'PALMA', 'AGE_DEPENDENCY', 'EPR')",0.748246223548592,0.14872634899326564,0.10660721386551038,0.16902911310339466
"('DESTROYED', 'PALMA', 'AGE_DEPENDENCY', 'I(AGE_DEPENDENCY>0.67)')",0.750736470746127,0.14253277170161394,0.11550577826480403,0.1691006930734303
"('DESTROYED', 'INCOME', 'I(AGE_DEPENDENCY>0.67)', 'TENURE_SECURITY')",0.7547031794666443,0.143953641799725,0.11812062358199969,0.1691236953050268
"('DESTROYED', 'INCOME', 'PALMA', 'AGE_DEPENDENCY', 'TENURE_SECURITY')",0.7471841339904235,0.1454017396998171,0.10928494442754362,0.16916751671231242
"('DESTROYED', 'I(INCOME>0.7)', 'I(PALMA>0.06)', 'I(AGE_DEPENDENCY>0.67)')",0.7588502750084506,0.14433396875553434,0.12223527809713144,0.16923965728140508
"('DESTROYED', 'I(DESTROYED>4.5)', 'I(PALMA>0.06)', 'AGE_DEPENDENCY', 'EPR')",0.7712860103152289,0.1600074792427007,0.11914867219454796,0.1692900470406732
"('DESTROYED', 'I(DESTROYED>4.5)', 'INCOME', 'PALMA')",0.7706763569892875,0.16223131977230237,0.11637972832609772,0.16931156370303754
"('DESTROYED', 'INCOME', 'PALMA', 'I(AGE_DEPENDENCY>0.67)', 'EPR')",0.7453850063943617,0.1462572996117082,0.10729066834025591,0.16938765385253415
"('DESTROYED', 'I(DESTROYED>4.5)', 'I(INCOME>0.7)', 'PALMA', 'I(PALMA>0.06)')",0.7691510970886406,0.16213323910401947,0.11542770409464227,0.1694699487033404
"('DESTROYED', 'I(PALMA>0.06)', 'AGE_DEPENDENCY', 'DESTROYED×INCOME')",0.7495668262674082,0.14362706415538612,0.11442153197834398,0.16949392328877397
"('DESTROYED', 'I(PALMA>0.06)', 'AGE_DEPENDENCY', 'I(AGE_DEPENDENCY>0.67)')",0.7492724282789865,0.1413590180947008,0.11672074470419024,0.16960244483996814
"('DESTROYED', 'I(INCOME>0.7)', 'PALMA', 'I(PALMA>0.06)', 'I(AGE_DEPENDENCY>0.67)')",0.7540441015615905,0.14835071950884993,0.11455534635793765,0.16962065476839902
"('DESTROYED', 'PALMA', 'I(AGE_DEPENDENCY>0.67)', 'EPR', 'DESTROYED×INCOME')",0.743676667340182,0.14483327453941577,0.10772133458132128,0.16962598059351838
"('DESTROYED', 'I(DESTROYED>4.5)', 'INCOME', 'PALMA', 'AGE_DEPENDENCY')",0.7732650455524117,0.16146605078616294,0.12067921185577028,0.1696267390298405
"('DESTROYED', 'PALMA', 'I(AGE_DEPENDENCY>0.67)', 'TENURE_SECURITY')",0.7471113779234589,0.1417326165987191,0.11432433154774638,0.16964852340766887
"('DESTROYED', 'I(DESTROYED>4.5)', 'PALMA', 'I(PALMA>0.06)', 'GRID_SMOD')",0.765846149993294,0.1622735582116974,0.11252804271364594,0.16965181697734977
"('DESTROYED', 'INCOME', 'I(INCOME>0.7)', 'I(PALMA>0.06)', 'AGE_DEPENDENCY')",0.7556018747109038,0.14503341818518883,0.11963921163571524,0.1696902517033334
"('DESTROYED', 'I(INCOME>0.7)', 'I(PALMA>0.06)', 'AGE_DEPENDENCY', 'DESTROYED×INCOME')",0.7585268513415157,0.1469832049858992,0.12074567653418503,0.16973401005952285
"('DESTROYED', 'I(PALMA>0.06)', 'I(AGE_DEPENDENCY>0.67)', 'EPR')",0.7437808383167607,0.14087406599101965,0.1121662354658964,0.16975315438005179
"('DESTROYED', 'I(INCOME>0.7)', 'GRID_SMOD', 'AGE_DEPENDENCY', 'TENURE_SECURITY')",0.7570668602496463,0.14938561510479015,0.11696803126534973,0.1697622620401645
"('DESTROYED', 'I(DESTROYED>4.5)', 'PALMA', 'I(PALMA>0.06)', 'I(TENURE_SECURITY>0.81)')",0.7651971227706472,0.16233699610256516,0.11222306007678608,0.16978764446956798
"('DESTROYED', 'INCOME', 'AGE_DEPENDENCY')",0.7584003583796137,0.1481153857149354,0.11965133579366877,0.16978878770966346
"('DESTROYED', 'I(INCOME>0.7)', 'I(PALMA>0.06)', 'I(AGE_DEPENDENCY>0.67)', 'EPR')",0.7579652368110632,0.14785938034629484,0.11970926327674783,0.1698678022706598
"('DESTROYED', 'PALMA', 'I(AGE_DEPENDENCY>0.67)', 'TENURE_SECURITY', 'DESTROYED×INCOME')",0.7461886892744105,0.1425422100159621,0.1133397267654318,0.16989774916899447
"('DESTROYED', 'INCOME', 'I(PALMA>0.06)', 'I(AGE_DEPENDENCY>0.67)', 'I(TENURE_SECURITY>0.81)')",0.7476962974296735,0.1421508360150057,0.11528206590724412,0.16991220149752548
"('DESTROYED', 'I(DESTROYED>4.5)', 'PALMA', 'I(AGE_DEPENDENCY>0.67)', 'EPR')",0.771552965291239,0.16154300668652308,0.11981336695999432,0.1699344694517595
"('DESTROYED', 'PALMA', 'I(AGE_DEPENDENCY>0.67)', 'EPR')",0.7423445862859989,0.1430305974306895,0.10917275719385332,0.16995292277951465
"('DESTROYED', 'I(INCOME>0.7)', 'I(PALMA>0.06)', 'AGE_DEPENDENCY', 'EPR')",0.761620878648021,0.1519778605074489,0.11952081443690385,0.1699592654321106
"('DESTROYED', 'I(DESTROYED>4.5)', 'AGE_DEPENDENCY', 'I(AGE_DEPENDENCY>0.67)', 'TENURE_SECURITY')",0.7754158037591877,0.15595812534363587,0.12933940921001616,0.1699605769314881
"('DESTROYED', 'I(PALMA>0.06)')",0.7485225200791451,0.14340449206977923,0.11501750076010145,0.16996649091691185
"('DESTROYED', 'INCOME', 'AGE_DEPENDENCY', 'TENURE_SECURITY')",0.7537056444728353,0.14626474018493957,0.1174476813884411,0.17000225903351515
"('DESTROYED', 'I(INCOME>0.7)', 'PALMA')",0.7569311149070708,0.14912998174616274,0.11783186627470055,0.1700102443712642
"('DESTROYED', 'I(INCOME>0.7)', 'GRID_SMOD', 'I(AGE_DEPENDENCY>0.67)', 'TENURE_SECURITY')",0.7558377813603315,0.14593819103413133,0.12014317432370229,0.17008119466583405
"('DESTROYED', 'I(INCOME>0.7)', 'PALMA', 'I(AGE_DEPENDENCY>0.67)', 'DESTROYED×INCOME')",0.7592938153598379,0.15211778813023263,0.11742490893784097,0.17008296056941194
"('DESTROYED', 'I(DESTROYED>4.5)', 'INCOME', 'I(PALMA>0.06)', 'TENURE_SECURITY')",0.763161264667591,0.15944886084224574,0.11413539021545682,0.1701409954633705
"('DESTROYED', 'PALMA', 'AGE_DEPENDENCY', 'EPR', 'DESTROYED×INCOME')",0.7461745290018218,0.1471154750483306,0.10958029632735054,0.17017374745795313
"('DESTROYED', 'I(AGE_DEPENDENCY>0.67)', 'TENURE_SECURITY')",0.7542002649468895,0.14310073436210588,0.12164127569887537,0.17018058170469721
"('DESTROYED', 'INCOME', 'I(INCOME>0.7)', 'PALMA', 'AGE_DEPENDENCY')",0.7568974045650765,0.1504542783120216,0.11706014649581126,0.1702056734142521
"('DESTROYED', 'INCOME', 'PALMA', 'I(PALMA>0.06)', 'AGE_DEPENDENCY')",0.7478125703562097,0.1474186409273036,0.11103545788507324,0.1702138428187224
"('DESTROYED', 'I(INCOME>0.7)', 'I(AGE_DEPENDENCY>0.67)', 'TENURE_SECURITY', 'EPR')",0.7588283850274868,0.14801569506013076,0.1214956963605806,0.1702276687977415
"('DESTROYED', 'INCOME', 'I(AGE_DEPENDENCY>0.67)')",0.7579871030822285,0.14664108096064563,0.12203616122985955,0.17023004636942554
"('DESTROYED', 'I(DESTROYED>4.5)', 'I(INCOME>0.7)', 'I(PALMA>0.06)', 'GRID_SMOD')",0.7636509682117869,0.1613468398931888,0.11321870265967847,0.17030485811369345
"('DESTROYED', 'I(PALMA>0.06)', 'I(AGE_DEPENDENCY>0.67)', 'TENURE_SECURITY')",0.7452742893988477,0.14136431316214432,0.11485129581517547,0.17031377319282404
"('DESTROYED', 'PALMA', 'AGE_DEPENDENCY', 'TENURE_SECURITY', 'DESTROYED×INCOME')",0.7450322372208473,0.14485750460284266,0.11140087039908375,0.17040871259369303
"('DESTROYED', 'I(AGE_DEPENDENCY>0.67)', 'TENURE_SECURITY', 'DESTROYED×INCOME')",0.7531530289612747,0.14385692459742763,0.12060821620146053,0.17043737061253783
"('DESTROYED', 'I(DESTROYED>4.5)', 'I(AGE_DEPENDENCY>0.67)', 'DESTROYED×INCOME')",0.7762779764579145,0.1587532423113936,0.12888645438642732,0.17045390674663544
"('DESTROYED', 'I(DESTROYED>4.5)', 'PALMA', 'I(TENURE_SECURITY>0.81)')",0.7674066953050127,0.16350158674272275,0.11537161089920231,0.17048883411230412
"('DESTROYED', 'I(DESTROYED>4.5)', 'PALMA', 'I(PALMA>0.06)', 'TENURE_SECURITY')",0.7653115282462939,0.16159121997146006,0.11526674110022837,0.17051547760846483
"('DESTROYED', 'AGE_DEPENDENCY', 'DESTROYED×INCOME')",0.7561646599228481,0.14745457509639878,0.12034711490941388,0.17054567669432152
"('DESTROYED', 'I(DESTROYED>4.5)', 'I(PALMA>0.06)', 'TENURE_SECURITY', 'DESTROYED×INCOME')",0.7644227278683968,0.1597798040210186,0.11631435349132274,0.17055714321464818
"('DESTROYED', 'I(DESTROYED>4.5)', 'I(AGE_DEPENDENCY>0.67)', 'I(TENURE_SECURITY>0.81)')",0.7761669069478183,0.1577560157300461,0.13009565197278372,0.17056158691833714
"('DESTROYED', 'I(PALMA>0.06)', 'AGE_DEPENDENCY', 'I(TENURE_SECURITY>0.81)')",0.7425866942662677,0.14373126840693132,0.11059849018883929,0.17058102144316764
"('DESTROYED', 'I(INCOME>0.7)', 'I(AGE_DEPENDENCY>0.67)', 'I(TENURE_SECURITY>0.81)')",0.7581932793363834,0.1492225280130278,0.12071890451922568,0.17058271773195668
"('DESTROYED', 'I(DESTROYED>4.5)', 'I(INCOME>0.7)', 'I(PALMA>0.06)', 'EPR')",0.7662085895210029,0.1632606941213343,0.11480636596949134,0.1706194901899409
"('DESTROYED', 'INCOME', 'I(INCOME>0.7)', 'AGE_DEPENDENCY', 'TENURE_SECURITY')",0.7607476785822367,0.14956622060309496,0.12306441551151551,0.17062765251079126
"('DESTROYED', 'I(DESTROYED>4.5)', 'PALMA', 'AGE_DEPENDENCY', 'TENURE_SECURITY')",0.7717096316412344,0.15998965867852497,0.1237191760692499,0.17066640103551348
"('DESTROYED', 'PALMA', 'I(PALMA>0.06)')",0.7457475501570914,0.14464835948785468,0.1131719908999647,0.17069093341024266
"('DESTROYED', 'INCOME', 'I(PALMA>0.06)', 'I(AGE_DEPENDENCY>0.67)', 'EPR')",0.7449756101712273,0.14505363256885379,0.11199959810041898,0.17069254016601518
"('DESTROYED', 'PALMA', 'AGE_DEPENDENCY', 'I(TENURE_SECURITY>0.81)', 'DESTROYED×INCOME')",0.7462776006693377,0.14570938730311844,0.11273964822812345,0.17072381162063474
"('DESTROYED', 'I(AGE_DEPENDENCY>0.67)', 'DESTROYED×INCOME')",0.7571402044618832,0.14618580729454836,0.12326088889945781,0.17076883057737433
"('DESTROYED', 'INCOME', 'PALMA', 'I(PALMA>0.06)', 'I(AGE_DEPENDENCY>0.67)')",0.7470598963475298,0.14531686097825658,0.11407366954329427,0.170776878058007
"('DESTROYED', 'I(PALMA>0.06)', 'I(AGE_DEPENDENCY>0.67)', 'I(TENURE_SECURITY>0.81)', 'DESTROYED×INCOME')",0.7449873165474526,0.14157027264423722,0.11611233223122645,0.17089842944267034
"('DESTROYED', 'I(INCOME>0.7)', 'I(PALMA>0.06)', 'I(AGE_DEPENDENCY>0.67)', 'I(TENURE_SECURITY>0.81)')",0.7549047023576063,0.14289910652533758,0.12481028411188386,0.17093489609320503
"('DESTROYED', 'PALMA', 'I(TENURE_SECURITY>0.81)')",0.7445532575723456,0.14625736790831498,0.11111142509805487,0.17093851181134143
"('DESTROYED', 'PALMA', 'I(PALMA>0.06)', 'I(AGE_DEPENDENCY>0.67)', 'I(TENURE_SECURITY>0.81)')",0.7438180097320539,0.14147487764198247,0.11517099939537252,0.17094262243510036
"('DESTROYED', 'PALMA', 'I(PALMA>0.06)', 'I(AGE_DEPENDENCY>0.67)', 'DESTROYED×INCOME')",0.7462638555106437,0.14451881249634033,0.11462691014917241,0.17096062237828968
"('DESTROYED', 'I(DESTROYED>4.5)', 'I(INCOME>0.7)', 'AGE_DEPENDENCY', 'TENURE_SECURITY')",0.7768683965083137,0.15554733597769252,0.1342777181330686,0.17098555253414913
"('DESTROYED', 'I(DESTROYED>4.5)', 'I(PALMA>0.06)', 'EPR', 'DESTROYED×INCOME')",0.7645553566430073,0.16059917849254954,0.11705294095716925,0.1710322542689038
"('DESTROYED', 'I(DESTROYED>4.5)', 'AGE_DEPENDENCY', 'I(AGE_DEPENDENCY>0.67)')",0.7761844232677486,0.15906180737467016,0.13032969963282526,0.17106902791324893
"('DESTROYED', 'I(DESTROYED>4.5)', 'I(PALMA>0.06)', 'GRID_SMOD', 'I(TENURE_SECURITY>0.81)')",0.760680906903859,0.16170901318825776,0.11218633496383815,0.17107148041607897
"('DESTROYED', 'I(INCOME>0.7)', 'PALMA', 'GRID_SMOD', 'AGE_DEPENDENCY')",0.750744271354324,0.15119193698991673,0.11278755727202913,0.17107840763587398
"('DESTROYED', 'PALMA', 'AGE_DEPENDENCY', 'I(TENURE_SECURITY>0.81)')",0.7435083992910703,0.1452329133418978,0.11154123798112259,0.17108858401065005
"('DESTROYED', 'I(DESTROYED>4.5)', 'I(AGE_DEPENDENCY>0.67)', 'TENURE_SECURITY', 'I(TENURE_SECURITY>0.81)')",0.7740949505816314,0.1564422518353295,0.13097914041102907,0.1711088138882424
"('DESTROYED', 'I(DESTROYED>4.5)', 'PALMA', 'GRID_SMOD')",0.7673866696469853,0.1637356412066434,0.11706007536565594,0.17113634897510469
"('DESTROYED', 'PALMA', 'AGE_DEPENDENCY', 'I(AGE_DEPENDENCY>0.67)', 'DESTROYED×INCOME')",0.7453073708494565,0.14571076307348949,0.11302307470311686,0.17114215564238325
"('DESTROYED', 'I(PALMA>0.06)', 'I(AGE_DEPENDENCY>0.67)', 'EPR', 'DESTROYED×INCOME')",0.7435767163487583,0.14383383077249118,0.1132639672116137,0.17117369387844886
"('DESTROYED', 'I(DESTROYED>4.5)', 'INCOME', 'I(AGE_DEPENDENCY>0.67)')",0.7747976115032854,0.1591005466763209,0.12928510968844487,0.17119601495382678
"('DESTROYED', 'INCOME', 'I(AGE_DEPENDENCY>0.67)', 'I(TENURE_SECURITY>0.81)')",0.7542858932960025,0.14703106882368402,0.12094269617611292,0.17122929056793149
"('DESTROYED', 'I(DESTROYED>4.5)', 'I(INCOME>0.7)', 'I(PALMA>0.06)', 'TENURE_SECURITY')",0.7669624922424073,0.16245593866699298,0.11819926310193918,0.1712309031755083
"('DESTROYED', 'INCOME', 'I(INCOME>0.7)', 'I(PALMA>0.06)')",0.7495308558876471,0.14588521429144868,0.11736257691283998,0.1712389784388805
"('DESTROYED', 'INCOME', 'PALMA', 'AGE_DEPENDENCY', 'I(AGE_DEPENDENCY>0.67)')",0.7453907965151041,0.14651402576626615,0.11261865076959165,0.17124729334025124
"('DESTROYED', 'I(INCOME>0.7)', 'AGE_DEPENDENCY', 'I(TENURE_SECURITY>0.81)')",0.7577090187981727,0.15302127537551644,0.11863796861578778,0.17131674173104386
"('DESTROYED', 'I(DESTROYED>4.5)', 'INCOME', 'I(PALMA>0.06)', 'GRID_SMOD')",0.7606241199295503,0.1607363464900147,0.11388819940049454,0.17133347532031964
"('DESTROYED', 'I(DESTROYED>4.5)', 'GRID_SMOD', 'I(AGE_DEPENDENCY>0.67)')",0.7728467047900919,0.16089351663221615,0.1260641142310868,0.17137030869107037
"('DESTROYED', 'I(DESTROYED>4.5)', 'I(INCOME>0.7)', 'PALMA', 'TENURE_SECURITY')",0.76931999130487,0.16509243011156638,0.11836937515875835,0.17138060465515156
"('DESTROYED', 'I(DESTROYED>4.5)', 'I(PALMA>0.06)', 'TENURE_SECURITY', 'I(TENURE_SECURITY>0.81)')",0.7611458075102148,0.16055708914590322,0.11477034616169929,0.17139387593246258
"('DESTROYED', 'I(DESTROYED>4.5)', 'I(PALMA>0.06)', 'GRID_SMOD', 'DESTROYED×INCOME')",0.7623811455453555,0.1607478420737578,0.11590999041992814,0.17142556231611014
"('DESTROYED', 'I(INCOME>0.7)', 'AGE_DEPENDENCY', 'TENURE_SECURITY', 'EPR')",0.7597180722658936,0.15188193322187554,0.12230962014513558,0.17149116036703918
"('DESTROYED', 'AGE_DEPENDENCY')",0.7568089140707295,0.14557144115436935,0.12581424148565468,0.17152558952309818
"('DESTROYED', 'PALMA', 'I(PALMA>0.06)', 'AGE_DEPENDENCY', 'DESTROYED×INCOME')",0.7459483650062945,0.14658623454357894,0.11398729401009146,0.17154172118245867
"('DESTROYED', 'I(INCOME>0.7)', 'AGE_DEPENDENCY', 'TENURE_SECURITY', 'DESTROYED×INCOME')",0.7609576533150851,0.1501158088446188,0.12558700571669965,0.1715817204154111
"('DESTROYED', 'PALMA', 'DESTROYED×INCOME')",0.7475603725051501,0.1463225759211359,0.11601777497694235,0.17159332613097608
"('DESTROYED', 'INCOME', 'PALMA')",0.7494187894899285,0.14636862793254993,0.1178853845711508,0.17161174100459076
"('DESTROYED', 'PALMA', 'I(PALMA>0.06)', 'I(AGE_DEPENDENCY>0.67)', 'EPR')",0.7403869241283172,0.1425451895581651,0.11272470070365419,0.17162765537783406
"('DESTROYED', 'AGE_DEPENDENCY', 'TENURE_SECURITY', 'DESTROYED×INCOME')",0.7512299754706887,0.14582736783200936,0.12030167875149421,0.1716330237042716
"('DESTROYED', 'I(AGE_DEPENDENCY>0.67)', 'I(TENURE_SECURITY>0.81)')",0.7548479033380621,0.14515588845654034,0.12461925813536338,0.17164241441794723
"('DESTROYED', 'I(PALMA>0.06)', 'AGE_DEPENDENCY', 'EPR')",0.7419750717130524,0.1452000760321586,0.11194062949296527,0.17172187793735713
"('DESTROYED', 'I(DESTROYED>4.5)', 'INCOME', 'I(PALMA>0.06)', 'EPR')",0.7623312098268933,0.1612742254573773,0.1162879837928302,0.17174366647443806
"('DESTROYED', 'PALMA', 'AGE_DEPENDENCY', 'TENURE_SECURITY')",0.7420465042838347,0.14514304078135434,0.11220136195084904,0.17176596614945625
"('DESTROYED', 'I(DESTROYED>4.5)', 'I(INCOME>0.7)', 'I(AGE_DEPENDENCY>0.67)')",0.7743963656453602,0.1585480960568586,0.1311626108055484,0.17177144707234893
"('DESTROYED', 'I(DESTROYED>4.5)', 'PALMA', 'I(PALMA>0.06)', 'EPR')",0.766567208112472,0.16172986900626873,0.12024465885726845,0.1718024399170217
"('DESTROYED', 'INCOME', 'I(PALMA>0.06)', 'AGE_DEPENDENCY', 'EPR')",0.7469025244245721,0.14938782210680365,0.11312099546387422,0.17186876438203527
"('DESTROYED', 'I(PALMA>0.06)', 'I(AGE_DEPENDENCY>0.67)', 'I(TENURE_SECURITY>0.81)', 'EPR')",0.7383014951392972,0.14122057582169326,0.11270661631405844,0.17187523233215152
"('DESTROYED', 'I(PALMA>0.06)', 'I(TENURE_SECURITY>0.81)')",0.7427051404467735,0.14491941718917642,0.1134549126523834,0.17188972979826211
"('DESTROYED', 'PALMA', 'AGE_DEPENDENCY', 'EPR')",0.7414264945000373,0.14549475642782383,0.11168642698403988,0.17191822963727546
"('DESTROYED', 'I(DESTROYED>4.5)', 'PALMA', 'TENURE_SECURITY')",0.7679562004156111,0.16250575289440375,0.12121786779105044,0.17192247342328104
"('DESTROYED', 'I(INCOME>0.7)', 'I(PALMA>0.06)', 'AGE_DEPENDENCY', 'I(TENURE_SECURITY>0.81)')",0.756173102006538,0.14576185138969225,0.1262463689967146,0.1719450394599563
"('DESTROYED', 'I(DESTROYED>4.5)', 'GRID_SMOD', 'I(AGE_DEPENDENCY>0.67)', 'TENURE_SECURITY')",0.7726916283539167,0.15752678565290154,0.13102642348824853,0.1719538602624111
"('DESTROYED', 'I(DESTROYED>4.5)', 'I(INCOME>0.7)', 'PALMA', 'GRID_SMOD')",0.7631473312664183,0.16479579725134974,0.11431951578112338,0.17198932725535157
"('DESTROYED', 'I(INCOME>0.7)', 'PALMA', 'I(PALMA>0.06)')",0.7494915356862609,0.15076005702274783,0.11492984757498806,0.17206612297049165
"('DESTROYED', 'I(AGE_DEPENDENCY>0.67)', 'I(TENURE_SECURITY>0.81)', 'DESTROYED×INCOME')",0.7517972813767841,0.1467651110695883,0.12126719043993178,0.1720783400442453
"('DESTROYED', 'I(PALMA>0.06)', 'AGE_DEPENDENCY', 'TENURE_SECURITY')",0.7408258434109414,0.14374164198131986,0.1133342066930981,0.17208333508782556
"('DESTROYED', 'I(INCOME>0.7)', 'AGE_DEPENDENCY', 'I(AGE_DEPENDENCY>0.67)')",0.755694105358862,0.15348029682407366,0.1184748461174686,0.17208701252756012
"('DESTROYED', 'I(INCOME>0.7)', 'I(PALMA>0.06)', 'AGE_DEPENDENCY', 'I(AGE_DEPENDENCY>0.67)')",0.752840904575508,0.14768111941286302,0.12142096849258086,0.17208706110997862
"('DESTROYED', 'INCOME', 'I(INCOME>0.7)', 'PALMA')",0.7518848096695888,0.15192454004158115,0.11635455957472307,0.1721314299822385
"('DESTROYED', 'I(PALMA>0.06)', 'I(AGE_DEPENDENCY>0.67)', 'TENURE_SECURITY', 'DESTROYED×INCOME')",0.742482721062544,0.14360166594824644,0.11528073138972904,0.17213322542514384
"('DESTROYED', 'I(INCOME>0.7)', 'I(PALMA>0.06)', 'EPR')",0.751549522898491,0.1505578515087988,0.11749722750012392,0.17216851870347724
"('DESTROYED', 'INCOME', 'I(PALMA>0.06)', 'AGE_DEPENDENCY', 'I(TENURE_SECURITY>0.81)')",0.7458063177678194,0.14716558553877815,0.11519231440992592,0.17218386072696157
"('DESTROYED', 'I(INCOME>0.7)', 'PALMA', 'DESTROYED×INCOME')",0.7555330076979232,0.15306237974941198,0.11909023625120344,0.1722065361008974
"('DESTROYED', 'I(INCOME>0.7)', 'PALMA', 'I(AGE_DEPENDENCY>0.67)', 'EPR')",0.7553392578775568,0.15188563047291334,0.1200830451346568,0.17220980591000443
"('DESTROYED', 'PALMA', 'I(AGE_DEPENDENCY>0.67)', 'I(TENURE_SECURITY>0.81)', 'EPR')",0.736715623207319,0.1434372164482948,0.10992373852337908,0.1722151105881183
"('DESTROYED', 'INCOME', 'PALMA', 'AGE_DEPENDENCY', 'DESTROYED×INCOME')",0.7405230638420585,0.14756325465702702,0.10968963261665274,0.1722432744772071
"('DESTROYED', 'I(INCOME>0.7)', 'I(PALMA>0.06)', 'DESTROYED×INCOME')",0.755156250841192,0.14745022895351578,0.1244901478904427,0.17226137533425553
"('DESTROYED', 'I(DESTROYED>4.5)', 'I(PALMA>0.06)', 'GRID_SMOD', 'TENURE_SECURITY')",0.760219100439794,0.16188898097748508,0.11518102138223378,0.17228363397330826
"('DESTROYED', 'AGE_DEPENDENCY', 'I(AGE_DEPENDENCY>0.67)')",0.7544064671043046,0.14613102180323467,0.12514740266132363,0.1722906524534179
"('DESTROYED', 'I(DESTROYED>4.5)', 'I(INCOME>0.7)', 'I(PALMA>0.06)', 'I(TENURE_SECURITY>0.81)')",0.7641010331159046,0.16304671663504286,0.1180352518460331,0.1723269784550571
"('DESTROYED', 'I(PALMA>0.06)', 'GRID_SMOD', 'AGE_DEPENDENCY')",0.7406038114108151,0.14738955017873173,0.11054245244445864,0.17244273040412508
"('DESTROYED', 'I(DESTROYED>4.5)', 'AGE_DEPENDENCY', 'TENURE_SECURITY', 'DESTROYED×INCOME')",0.7693200733969409,0.15716642805277364,0.1295389465151823,0.17246176705700503
"('DESTROYED', 'I(DESTROYED>4.5)', 'I(INCOME>0.7)', 'PALMA', 'I(TENURE_SECURITY>0.81)')",0.7645973964031249,0.16636051311822628,0.11573956515003091,0.1725008939550441
"('DESTROYED', 'I(DESTROYED>4.5)', 'PALMA', 'GRID_SMOD', 'AGE_DEPENDENCY')",0.7691325102900719,0.16292510856731002,0.12381743524867014,0.17253667784196944
"('DESTROYED', 'PALMA', 'GRID_SMOD', 'AGE_DEPENDENCY')",0.7407683292628164,0.14908791825428663,0.10932615159247878,0.17254858019464966
"('DESTROYED', 'INCOME', 'I(AGE_DEPENDENCY>0.67)', 'TENURE_SECURITY', 'I(TENURE_SECURITY>0.81)')",0.7472078908180274,0.1462107390363583,0.11866998165942598,0.1725576099592523
"('DESTROYED', 'I(INCOME>0.7)', 'PALMA', 'GRID_SMOD', 'I(AGE_DEPENDENCY>0.67)')",0.7466830242630436,0.1514237039529546,0.11303574465333799,0.17259214144774968
"('DESTROYED', 'INCOME', 'I(PALMA>0.06)', 'I(AGE_DEPENDENCY>0.67)', 'TENURE_SECURITY')",0.7435449957777123,0.14414644310841915,0.11720994609246997,0.1726037978077256
"('DESTROYED', 'I(PALMA>0.06)', 'AGE_DEPENDENCY', 'I(AGE_DEPENDENCY>0.67)', 'DESTROYED×INCOME')",0.7427426695169719,0.14460005269451853,0.11607878310347448,0.17264538876034038
"('DESTROYED', 'PALMA', 'GRID_SMOD', 'I(AGE_DEPENDENCY>0.67)')",0.742471936612991,0.14696127333579703,0.11349306898781582,0.1726608019035406
"('DESTROYED', 'I(INCOME>0.7)', 'PALMA', 'I(PALMA>0.06)', 'EPR')",0.7499525878610891,0.15281230778309557,0.11514014019217161,0.17266662003805935
"('DESTROYED', 'I(INCOME>0.7)', 'PALMA', 'AGE_DEPENDENCY', 'DESTROYED×INCOME')",0.7586313841499335,0.15227334154693506,0.12437770829231873,0.1726732218964401
"('DESTROYED', 'I(DESTROYED>4.5)', 'I(PALMA>0.06)', 'I(TENURE_SECURITY>0.81)', 'EPR')",0.761195531385865,0.16204346594208993,0.11725640431195557,0.17270144628939352
"('DESTROYED', 'I(DESTROYED>4.5)', 'PALMA', 'I(TENURE_SECURITY>0.81)', 'DESTROYED×INCOME')",0.7633199668816982,0.16504319206401238,0.11639886091358174,0.17270736203196532
"('DESTROYED', 'I(PALMA>0.06)', 'AGE_DEPENDENCY', 'I(AGE_DEPENDENCY>0.67)', 'I(TENURE_SECURITY>0.81)')",0.739575207990401,0.14186325121364565,0.11587400396839492,0.1727206823972132
"('DESTROYED', 'I(PALMA>0.06)', 'AGE_DEPENDENCY', 'I(AGE_DEPENDENCY>0.67)', 'EPR')",0.7378390661093501,0.14235614551896986,0.11385168823918233,0.17278958921626733
"('DESTROYED', 'I(DESTROYED>4.5)', 'I(INCOME>0.7)', 'I(AGE_DEPENDENCY>0.67)', 'I(TENURE_SECURITY>0.81)')",0.7699666208299428,0.1586376963007867,0.12972377170171642,0.17279828239085346
"('DESTROYED', 'I(INCOME>0.7)', 'I(PALMA>0.06)', 'EPR', 'DESTROYED×INCOME')",0.7532321013517869,0.1504157170024449,0.12174049920056863,0.1729747049504089
"('DESTROYED', 'I(PALMA>0.06)', 'EPR')",0.7410734917633666,0.14448049201978483,0.1155182307262725,0.1729750769942303
"('DESTROYED', 'I(DESTROYED>4.5)', 'PALMA', 'AGE_DEPENDENCY', 'I(TENURE_SECURITY>0.81)')",0.7673618361233647,0.16270549271133056,0.12370198884571673,0.17301521514456086
"('DESTROYED', 'PALMA', 'I(PALMA>0.06)', 'AGE_DEPENDENCY', 'I(AGE_DEPENDENCY>0.67)')",0.7445321978923781,0.14374917915742813,0.11987994142708071,0.17303230756404356
"('DESTROYED', 'I(DESTROYED>4.5)', 'INCOME', 'PALMA', 'I(TENURE_SECURITY>0.81)')",0.7633191371748875,0.1650699885756208,0.11744234543353224,0.1730643989447552
"('DESTROYED', 'I(DESTROYED>4.5)', 'I(AGE_DEPENDENCY>0.67)', 'I(TENURE_SECURITY>0.81)', 'DESTROYED×INCOME')",0.7710262549835987,0.1592945933371264,0.13101613012456312,0.17309482282603028
"('DESTROYED', 'I(DESTROYED>4.5)', 'AGE_DEPENDENCY')",0.7737927891133816,0.15947783502791282,0.13360414382458605,0.17309639657970577
"('DESTROYED', 'I(PALMA>0.06)', 'I(AGE_DEPENDENCY>0.67)', 'TENURE_SECURITY', 'I(TENURE_SECURITY>0.81)')",0.7374543981264654,0.14253673516170345,0.1143349806954128,0.17313910591021697
"('DESTROYED', 'I(INCOME>0.7)', 'I(PALMA>0.06)', 'I(TENURE_SECURITY>0.81)', 'DESTROYED×INCOME')",0.7505572657605111,0.14943958140728883,0.12068955812303694,0.17319062458993825
"('DESTROYED', 'PALMA', 'I(PALMA>0.06)', 'AGE_DEPENDENCY', 'I(TENURE_SECURITY>0.81)')",0.7377793973460889,0.14609915961936493,0.11125512496990822,0.17319162908106142
"('DESTROYED', 'INCOME', 'I(PALMA>0.06)', 'AGE_DEPENDENCY', 'TENURE_SECURITY')",0.7427317721926823,0.14638082203465827,0.11598360904661258,0.1732108862961962
"('DESTROYED', 'PALMA', 'I(PALMA>0.06)', 'I(AGE_DEPENDENCY>0.67)', 'TENURE_SECURITY')",0.7403779914832662,0.1435644007200625,0.11644636843440623,0.17321092589040085
"('DESTROYED', 'INCOME', 'I(PALMA>0.06)', 'AGE_DEPENDENCY', 'I(AGE_DEPENDENCY>0.67)')",0.7422046543220763,0.1454237170841561,0.11643444392918088,0.17321783556375356
"('DESTROYED', 'I(AGE_DEPENDENCY>0.67)', 'EPR')",0.7451763741079549,0.14728608162057089,0.11781661932663567,0.1733087756130839
"('DESTROYED', 'INCOME', 'AGE_DEPENDENCY', 'I(AGE_DEPENDENCY>0.67)', 'TENURE_SECURITY')",0.7460810904324762,0.14668040403628033,0.11938329386587722,0.17332753582322713
"('DESTROYED', 'I(INCOME>0.7)', 'I(PALMA>0.06)')",0.7520680993637411,0.14736514083254343,0.12474628115436166,0.17334777420772132
"('DESTROYED', 'PALMA', 'AGE_DEPENDENCY', 'I(AGE_DEPENDENCY>0.67)', 'I(TENURE_SECURITY>0.81)')",0.7405253263445986,0.1430258325567258,0.11760763305229,0.17336937975480574
"('DESTROYED', 'PALMA', 'AGE_DEPENDENCY', 'I(AGE_DEPENDENCY>0.67)', 'TENURE_SECURITY')",0.7403018512042026,0.14400413907069531,0.11642898784655538,0.17337709190434936
"('DESTROYED', 'INCOME', 'AGE_DEPENDENCY', 'I(TENURE_SECURITY>0.81)')",0.7529131810684037,0.15029693081992315,0.1227537407072473,0.1733791634862556
"('DESTROYED', 'I(PALMA>0.06)', 'AGE_DEPENDENCY', 'I(TENURE_SECURITY>0.81)', 'DESTROYED×INCOME')",0.7421917541414698,0.14606540149843514,0.11627537844984613,0.17338300860227052
"('DESTROYED', 'I(DESTROYED>4.5)', 'I(AGE_DEPENDENCY>0.67)', 'TENURE_SECURITY', 'EPR')",0.7655918958611849,0.1586780328652722,0.12718430106767364,0.17342347935725363
"('DESTROYED', 'I(DESTROYED>4.5)', 'INCOME', 'I(INCOME>0.7)', 'PALMA')",0.766407792986232,0.16607997733130242,0.12074469085723909,0.17347229173410317
"('DESTROYED', 'PALMA', 'AGE_DEPENDENCY', 'I(AGE_DEPENDENCY>0.67)', 'EPR')",0.736145162465156,0.1449128623108197,0.11175755868645626,0.17350841951070664
"('DESTROYED', 'I(DESTROYED>4.5)', 'PALMA', 'TENURE_SECURITY', 'DESTROYED×INCOME')",0.7643458705529569,0.1640798394966638,0.12082496117516321,0.1735196433729567
"('DESTROYED', 'PALMA', 'I(PALMA>0.06)', 'AGE_DEPENDENCY', 'EPR')",0.7388407641372161,0.14636585784513223,0.11306569628085539,0.1735302633295905
"('DESTROYED', 'I(DESTROYED>4.5)', 'I(PALMA>0.06)', 'GRID_SMOD', 'EPR')",0.7583594459831499,0.16348163946037816,0.11550524882893812,0.17354248076872214
"('DESTROYED', 'I(DESTROYED>4.5)', 'INCOME', 'I(AGE_DEPENDENCY>0.67)', 'I(TENURE_SECURITY>0.81)')",0.7708571666566713,0.1597287947937709,0.1317692641150698,0.17354696408405648
"('DESTROYED', 'I(DESTROYED>4.5)', 'INCOME', 'PALMA', 'TENURE_SECURITY')",0.7635000584170368,0.1643475687269896,0.11988184938113979,0.1735764532303642
"('DESTROYED', 'PALMA', 'TENURE_SECURITY')",0.740522300044795,0.14754456729341528,0.1137587926082438,0.1735936866189547
"('DESTROYED', 'I(PALMA>0.06)', 'AGE_DEPENDENCY', 'EPR', 'DESTROYED×INCOME')",0.7451398709177921,0.14857619216227363,0.11739978642874506,0.17361203589107554
"('DESTROYED', 'I(PALMA>0.06)', 'GRID_SMOD', 'I(AGE_DEPENDENCY>0.67)')",0.7421690738492848,0.14552179659726316,0.11759483916258895,0.17364918730352244
"('DESTROYED', 'PALMA', 'I(PALMA>0.06)', 'EPR')",0.7390728407139917,0.14598697832591628,0.11414598216577865,0.1736867065925677
"('DESTROYED', 'INCOME', 'I(INCOME>0.7)', 'I(PALMA>0.06)', 'I(TENURE_SECURITY>0.81)')",0.7450606704734397,0.1469397958262063,0.11920750579246862,0.17369554371507842
"('DESTROYED', 'PALMA', 'I(PALMA>0.06)', 'I(TENURE_SECURITY>0.81)')",0.7386132444917581,0.14677506116609437,0.11292531240111953,0.17369570969181858
"('DESTROYED', 'INCOME', 'PALMA', 'I(AGE_DEPENDENCY>0.67)', 'DESTROYED×INCOME')",0.7384878421669696,0.146194935004128,0.11362678170814573,0.17377795818176803
"('DESTROYED', 'I(DESTROYED>4.5)', 'AGE_DEPENDENCY', 'TENURE_SECURITY')",0.7675161782352052,0.15869899889065323,0.1301518078501369,0.17377820950186162
"('DESTROYED', 'I(PALMA>0.06)', 'AGE_DEPENDENCY', 'I(AGE_DEPENDENCY>0.67)', 'TENURE_SECURITY')",0.7383260581421579,0.14377409787894926,0.11589270421577005,0.17378024798418715
"('DESTROYED', 'I(INCOME>0.7)', 'I(PALMA>0.06)', 'GRID_SMOD', 'AGE_DEPENDENCY')",0.748460844646198,0.14860549506646548,0.12129422007717021,0.17381295683247924
"('DESTROYED', 'INCOME', 'PALMA', 'I(TENURE_SECURITY>0.81)')",0.7437932277261612,0.1484328361621149,0.1168808769095195,0.17384016178182438
"('DESTROYED', 'INCOME', 'PALMA', 'GRID_SMOD', 'AGE_DEPENDENCY')",0.7394967170304234,0.15060342177471311,0.11050364356024144,0.17387011610151037
"('DESTROYED', 'I(AGE_DEPENDENCY>0.67)', 'TENURE_SECURITY', 'I(TENURE_SECURITY>0.81)')",0.7462862174690692,0.14566942503418065,0.1222341792680444,0.1738724622777186
"('DESTROYED', 'PALMA', 'I(AGE_DEPENDENCY>0.67)', 'TENURE_SECURITY', 'I(TENURE_SECURITY>0.81)')",0.7387585620296084,0.14343396655131468,0.1171218172297526,0.17393240725048628
"('DESTROYED', 'INCOME', 'I(PALMA>0.06)', 'AGE_DEPENDENCY', 'DESTROYED×INCOME')",0.7372831697092294,0.1471178379253535,0.11200390559288739,0.1739461912696705
"('DESTROYED', 'I(AGE_DEPENDENCY>0.67)', 'TENURE_SECURITY', 'I(TENURE_SECURITY>0.81)', 'DESTROYED×INCOME')",0.7449228512484197,0.1461184735320109,0.12070765777997523,0.17396776002118877
"('DESTROYED', 'AGE_DEPENDENCY', 'I(TENURE_SECURITY>0.81)', 'DESTROYED×INCOME')",0.7490764172381632,0.14989390929893176,0.12117812606742442,0.17399853937606433
"('DESTROYED', 'I(DESTROYED>4.5)', 'PALMA', 'AGE_DEPENDENCY', 'EPR')",0.766467814986712,0.16461699340155972,0.12394423109815524,0.17403113650433433
"('DESTROYED', 'PALMA', 'I(AGE_DEPENDENCY>0.67)', 'TENURE_SECURITY', 'EPR')",0.7324593129222607,0.1455522089548787,0.10921428093076593,0.17410239232112798
"('DESTROYED', 'AGE_DEPENDENCY', 'I(AGE_DEPENDENCY>0.67)', 'TENURE_SECURITY', 'DESTROYED×INCOME')",0.7454757573995598,0.1463599850360215,0.12151840813662991,0.17413421192436385
"('DESTROYED', 'I(DESTROYED>4.5)', 'PALMA', 'EPR')",0.7662051746626617,0.16484404605038971,0.1237781492348236,0.17413900687418385
"('DESTROYED', 'PALMA', 'EPR')",0.7425763779476022,0.1477229467120035,0.11727410318529616,0.17414022398323248
"('DESTROYED', 'I(PALMA>0.06)', 'AGE_DEPENDENCY', 'TENURE_SECURITY', 'DESTROYED×INCOME')",0.7411757058332493,0.1458719174540089,0.11772683002933006,0.17414101388336323
"('DESTROYED', 'INCOME', 'I(AGE_DEPENDENCY>0.67)', 'EPR')",0.745957651575102,0.15050020790971552,0.11801883859977465,0.17418713164479604
"('DESTROYED', 'I(DESTROYED>4.5)', 'INCOME', 'AGE_DEPENDENCY', 'TENURE_SECURITY')",0.7675167561757523,0.15853532669819426,0.13202256662587744,0.17434704571610646
"('DESTROYED', 'I(INCOME>0.7)', 'AGE_DEPENDENCY', 'EPR')",0.7542100362335571,0.15791321651411547,0.11961930605585643,0.17444082877880493
"('DESTROYED', 'AGE_DEPENDENCY', 'I(AGE_DEPENDENCY>0.67)', 'DESTROYED×INCOME')",0.7490385904159049,0.14899869691815104,0.12339502270081261,0.1744517097343529
"('DESTROYED', 'INCOME', 'AGE_DEPENDENCY', 'EPR')",0.7491111795017203,0.15281309472749294,0.11966065725259882,0.17445419082612382
"('DESTROYED', 'INCOME', 'AGE_DEPENDENCY', 'I(AGE_DEPENDENCY>0.67)')",0.7492608967947849,0.14949049363895034,0.12324812647135958,0.17449257443850832
"('DESTROYED', 'I(DESTROYED>4.5)', 'PALMA', 'GRID_SMOD', 'DESTROYED×INCOME')",0.7604687830868745,0.16611883766348376,0.11793272199842654,0.1745275921916786
"('DESTROYED', 'I(DESTROYED>4.5)', 'GRID_SMOD', 'I(AGE_DEPENDENCY>0.67)', 'I(TENURE_SECURITY>0.81)')",0.7667556052522637,0.16195099277435876,0.12839874118688435,0.17453137623632645
"('DESTROYED',)",0.7509746965505961,0.15176568897110324,0.12291648222900513,0.1745691582165041
"('DESTROYED', 'AGE_DEPENDENCY', 'I(AGE_DEPENDENCY>0.67)', 'TENURE_SECURITY')",0.7466003651582653,0.14569862515583848,0.12462244200647549,0.17457356733468288
"('DESTROYED', 'GRID_SMOD', 'I(AGE_DEPENDENCY>0.67)')",0.7493019231431499,0.14993133719863086,0.12312142004977895,0.17458361136841996
"('DESTROYED', 'I(PALMA>0.06)', 'I(AGE_DEPENDENCY>0.67)', 'TENURE_SECURITY', 'EPR')",0.7324719138559244,0.14521371846409437,0.11109152166323824,0.17461110875713606
"('DESTROYED', 'I(INCOME>0.7)', 'PALMA', 'TENURE_SECURITY')",0.7512699271834858,0.1512257687952344,0.12390107900935751,0.1746189735403687
"('DESTROYED', 'I(DESTROYED>4.5)', 'I(INCOME>0.7)', 'AGE_DEPENDENCY')",0.7695835317918329,0.1612969996453201,0.13219032822867058,0.1746345986940526
"('DESTROYED', 'I(INCOME>0.7)', 'I(PALMA>0.06)', 'I(TENURE_SECURITY>0.81)', 'EPR')",0.7461672587985233,0.15272875571644057,0.11740577629922216,0.17465575773904649
"('DESTROYED', 'I(INCOME>0.7)', 'PALMA', 'I(TENURE_SECURITY>0.81)', 'DESTROYED×INCOME')",0.7499786027902622,0.15535436525720878,0.11871962622620645,0.17469846289771765
"('DESTROYED', 'INCOME', 'I(PALMA>0.06)')",0.744554213779089,0.1459934445490592,0.12280342688713008,0.17474755255236674
"('DESTROYED', 'INCOME', 'PALMA', 'EPR')",0.7438138973696113,0.15077394786915693,0.11739151710058274,0.17478385586670944
"('DESTROYED', 'INCOME', 'I(INCOME>0.7)', 'I(PALMA>0.06)', 'EPR')",0.7482593688679223,0.15026844709671947,0.12237091998813629,0.17479333273897782
"('DESTROYED', 'I(DESTROYED>4.5)', 'I(PALMA>0.06)', 'TENURE_SECURITY', 'EPR')",0.758350401844675,0.16430055170316,0.11846546786529286,0.17480520590792595
"('DESTROYED', 'I(DESTROYED>4.5)', 'I(AGE_DEPENDENCY>0.67)', 'EPR')",0.7652476460609784,0.16187788501654363,0.12782533565782564,0.17481852487113028
"('DESTROYED', 'I(PALMA>0.06)', 'DESTROYED×INCOME')",0.7433654782643468,0.14569542748579986,0.1222281724619419,0.1748527072277983
"('DESTROYED', 'PALMA', 'I(TENURE_SECURITY>0.81)', 'DESTROYED×INCOME')",0.7412028639832422,0.14822751619306723,0.11758125425433064,0.1748686354880519
"('DESTROYED', 'INCOME', 'I(AGE_DEPENDENCY>0.67)', 'I(TENURE_SECURITY>0.81)', 'EPR')",0.7431107071047818,0.1512181221744489,0.1165395835779939,0.1748823328825537
"('DESTROYED', 'I(DESTROYED>4.5)', 'AGE_DEPENDENCY', 'DESTROYED×INCOME')",0.7694921990590066,0.16099417809306,0.1331588295213002,0.17488693618511789
"('DESTROYED', 'I(INCOME>0.7)', 'PALMA', 'I(PALMA>0.06)', 'DESTROYED×INCOME')",0.7515500732564517,0.15128975507572245,0.12495441347210454,0.17489803176379173
"('DESTROYED', 'I(INCOME>0.7)', 'GRID_SMOD', 'AGE_DEPENDENCY')",0.752107135884592,0.15584672318759474,0.12098765856488596,0.1749090819559629
"('DESTROYED', 'INCOME', 'I(INCOME>0.7)', 'PALMA', 'I(TENURE_SECURITY>0.81)')",0.7465502108705602,0.1538944780628253,0.11747697749878425,0.17494041489701648
"('DESTROYED', 'PALMA', 'I(PALMA>0.06)', 'AGE_DEPENDENCY', 'TENURE_SECURITY')",0.7358309490303792,0.14635875456454675,0.114324157811718,0.17495065444862853
"('DESTROYED', 'I(DESTROYED>4.5)', 'INCOME', 'PALMA', 'GRID_SMOD')",0.7593818117457485,0.16648044143949287,0.11779475946760617,0.17496446305378352
"('DESTROYED', 'I(INCOME>0.7)', 'I(PALMA>0.06)', 'GRID_SMOD', 'I(AGE_DEPENDENCY>0.67)')",0.7440348060412247,0.14877489363881352,0.12019662068686139,0.1749789027614834
"('DESTROYED', 'INCOME', 'AGE_DEPENDENCY', 'TENURE_SECURITY', 'I(TENURE_SECURITY>0.81)')",0.7453445216155812,0.14948332211678356,0.12083865101718459,0.1749924838394623
"('DESTROYED', 'I(INCOME>0.7)', 'I(AGE_DEPENDENCY>0.67)', 'EPR')",0.7515377197868036,0.15545590736646003,0.12120434192329478,0.17504084316765037
"('DESTROYED', 'I(AGE_DEPENDENCY>0.67)', 'EPR', 'DESTROYED×INCOME')",0.7447637780402737,0.14969719601914325,0.12037098913697016,0.17510146903861323
"('DESTROYED', 'INCOME', 'I(PALMA>0.06)', 'GRID_SMOD', 'AGE_DEPENDENCY')",0.7368034194974887,0.14995682307374167,0.1122453144977078,0.1751329060246536
"('DESTROYED', 'PALMA', 'GRID_SMOD', 'I(AGE_DEPENDENCY>0.67)', 'I(TENURE_SECURITY>0.81)')",0.735230856245872,0.14689180349679215,0.11374688680711094,0.17513594468601035
"('DESTROYED', 'PALMA', 'I(PALMA>0.06)', 'GRID_SMOD', 'AGE_DEPENDENCY')",0.73501216240377,0.15008815325739472,0.11043405427139688,0.17517001504167387
"('DESTROYED', 'INCOME', 'PALMA', 'GRID_SMOD', 'I(AGE_DEPENDENCY>0.67)')",0.7380405818908845,0.14932096017526414,0.11423974987330555,0.1751733760525617
"('DESTROYED', 'I(PALMA>0.06)', 'AGE_DEPENDENCY', 'I(TENURE_SECURITY>0.81)', 'EPR')",0.734688737421517,0.14807599080490635,0.11213301191640544,0.17517342176659825
"('DESTROYED', 'I(PALMA>0.06)', 'I(TENURE_SECURITY>0.81)', 'DESTROYED×INCOME')",0.7380670624851497,0.1468564562966982,0.11680245253291696,0.1751972821148218
"('DESTROYED', 'I(INCOME>0.7)', 'PALMA', 'I(TENURE_SECURITY>0.81)')",0.7506378389315626,0.15172217002776073,0.12456009092847109,0.1752148073415564
"('DESTROYED', 'PALMA', 'GRID_SMOD', 'AGE_DEPENDENCY', 'DESTROYED×INCOME')",0.7359748236103822,0.15070037851053908,0.11093410279940563,0.17521988589985416
"('DESTROYED', 'I(PALMA>0.06)', 'I(TENURE_SECURITY>0.81)', 'EPR')",0.7354499578025901,0.14710374833701398,0.11402548186607099,0.1752264241334983
"('DESTROYED', 'AGE_DEPENDENCY', 'TENURE_SECURITY')",0.7471197779669566,0.14720738538845768,0.12563286696488826,0.17524015812879645
"('DESTROYED', 'I(DESTROYED>4.5)', 'AGE_DEPENDENCY', 'I(AGE_DEPENDENCY>0.67)', 'DESTROYED×INCOME')",0.7676325178185409,0.16162606612448244,0.131873023083088,0.17528885712967648
"('DESTROYED', 'INCOME', 'I(PALMA>0.06)', 'I(AGE_DEPENDENCY>0.67)', 'DESTROYED×INCOME')",0.7356812272338817,0.1459159336032698,0.11581328754332033,0.17534933130423613
"('DESTROYED', 'I(DESTROYED>4.5)', 'PALMA', 'EPR', 'DESTROYED×INCOME')",0.7628416383824778,0.16638498775682906,0.12257878207275434,0.17537404381570187
"('DESTROYED', 'AGE_DEPENDENCY', 'I(TENURE_SECURITY>0.81)')",0.7480634547546262,0.14901416341963242,0.125242364481891,0.17539769104896574
"('DESTROYED', 'INCOME', 'PALMA', 'I(PALMA>0.06)')",0.7424893576314797,0.14794747387896967,0.12074509650440451,0.17540107091729817
"('DESTROYED', 'GRID_SMOD', 'I(AGE_DEPENDENCY>0.67)', 'TENURE_SECURITY')",0.7422541906134947,0.14929971749101012,0.1191784915420601,0.1754080061398585
"('DESTROYED', 'I(DESTROYED>4.5)')",0.7646542384879251,0.16260583384600832,0.12830602842356542,0.17541920792721621
"('DESTROYED', 'INCOME', 'I(AGE_DEPENDENCY>0.67)', 'TENURE_SECURITY', 'EPR')",0.7432572794835667,0.14774939289126138,0.12198123907945713,0.1754911174957173
"('DESTROYED', 'I(DESTROYED>4.5)', 'AGE_DEPENDENCY', 'I(AGE_DEPENDENCY>0.67)', 'I(TENURE_SECURITY>0.81)')",0.766548593937079,0.16095870092606476,0.1322243201716886,0.17554480905355815
"('DESTROYED', 'PALMA', 'I(PALMA>0.06)', 'DESTROYED×INCOME')",0.7411662596092015,0.1473966594019037,0.12058568405999198,0.1756053612842314
"('DESTROYED', 'AGE_DEPENDENCY', 'EPR', 'DESTROYED×INCOME')",0.7470462428565703,0.15152105291648324,0.12235885895914878,0.1756112230063539
"('DESTROYED', 'PALMA', 'EPR', 'DESTROYED×INCOME')",0.7416587693169697,0.15013805302847014,0.11844699930724537,0.17564209433958192
"('DESTROYED', 'I(DESTROYED>4.5)', 'I(INCOME>0.7)', 'PALMA', 'DESTROYED×INCOME')",0.7663078315568639,0.16712692560488138,0.12611474438451345,0.17564461281084365
"('DESTROYED', 'INCOME', 'PALMA', 'DESTROYED×INCOME')",0.7376692568476476,0.1497740446238625,0.11504459677485523,0.1757164615170234
"('DESTROYED', 'I(INCOME>0.7)', 'PALMA', 'GRID_SMOD')",0.7440712486917918,0.15298231346877808,0.11833433948483657,0.1757484680872743
"('DESTROYED', 'I(DESTROYED>4.5)', 'PALMA', 'GRID_SMOD', 'I(TENURE_SECURITY>0.81)')",0.7571898192232982,0.16759891835130758,0.11693639374744891,0.1757818309584861
"('DESTROYED', 'AGE_DEPENDENCY', 'TENURE_SECURITY', 'I(TENURE_SECURITY>0.81)', 'DESTROYED×INCOME')",0.7419228375028879,0.14917707174791126,0.12009886945312558,0.17578436789938298
"('DESTROYED', 'GRID_SMOD', 'AGE_DEPENDENCY')",0.7469477866788781,0.15223267977876495,0.12209797234888264,0.1757942884829232
"('DESTROYED', 'INCOME', 'I(INCOME>0.7)', 'PALMA', 'I(PALMA>0.06)')",0.7460235553503788,0.1501038446331387,0.12337453557798522,0.1758182749535817
"('DESTROYED', 'PALMA', 'GRID_SMOD')",0.7389845843835018,0.15059394177997112,0.11585546254265981,0.1758216066463764
"('DESTROYED', 'I(PALMA>0.06)', 'GRID_SMOD', 'I(AGE_DEPENDENCY>0.67)', 'I(TENURE_SECURITY>0.81)')",0.7350569538907572,0.14579769584279728,0.11674900394866866,0.17582991530023626
"('DESTROYED', 'I(INCOME>0.7)', 'AGE_DEPENDENCY', 'I(AGE_DEPENDENCY>0.67)', 'I(TENURE_SECURITY>0.81)')",0.7484210199266489,0.15459584704201762,0.12136578214268888,0.1758468697526859
"('DESTROYED', 'I(DESTROYED>4.5)', 'INCOME', 'AGE_DEPENDENCY')",0.7678599218020847,0.16193131916924183,0.13358140835646223,0.1758842685745398
"('DESTROYED', 'I(PALMA>0.06)', 'EPR', 'DESTROYED×INCOME')",0.7387449984489779,0.147837861184736,0.11876124910308383,0.1759513706129473
"('DESTROYED', 'I(PALMA>0.06)', 'GRID_SMOD', 'AGE_DEPENDENCY', 'DESTROYED×INCOME')",0.7337279523930746,0.15000749942152472,0.11157995779388401,0.17595316827411134
"('DESTROYED', 'INCOME', 'I(PALMA>0.06)', 'EPR')",0.7402098295029357,0.14914815041179535,0.1189255172176632,0.17595461270884094
"('DESTROYED', 'I(DESTROYED>4.5)', 'INCOME', 'AGE_DEPENDENCY', 'I(AGE_DEPENDENCY>0.67)')",0.7641676310337773,0.16222795377209698,0.12989338659361094,0.17598456977731022
"('DESTROYED', 'I(PALMA>0.06)', 'TENURE_SECURITY')",0.7381035900698515,0.14646296058985445,0.11963937296549289,0.17599958116183193
"('DESTROYED', 'INCOME', 'I(INCOME>0.7)', 'I(AGE_DEPENDENCY>0.67)')",0.7556865530422592,0.15317201973001227,0.1306163492643143,0.17603393865068914
"('DESTROYED', 'I(DESTROYED>4.5)', 'PALMA', 'TENURE_SECURITY', 'I(TENURE_SECURITY>0.81)')",0.7595723139985663,0.1656315741987313,0.1221069599023615,0.1760554067008422
"('DESTROYED', 'I(DESTROYED>4.5)', 'GRID_SMOD', 'I(AGE_DEPENDENCY>0.67)', 'DESTROYED×INCOME')",0.7642567601327969,0.16318202213528263,0.1292532331931086,0.17605949839853144
"('DESTROYED', 'I(DESTROYED>4.5)', 'INCOME', 'PALMA', 'EPR')",0.7611953687273907,0.1673201201840086,0.12210391965879436,0.17607622370513742
"('DESTROYED', 'I(AGE_DEPENDENCY>0.67)', 'TENURE_SECURITY', 'EPR', 'DESTROYED×INCOME')",0.7416173124055658,0.14718940404444356,0.12265705451407806,0.17607638205098528
"('DESTROYED', 'AGE_DEPENDENCY', 'I(AGE_DEPENDENCY>0.67)', 'I(TENURE_SECURITY>0.81)')",0.7453412094036053,0.14803123494728396,0.12569077780921192,0.17612693445096353
"('DESTROYED', 'I(INCOME>0.7)', 'I(AGE_DEPENDENCY>0.67)', 'DESTROYED×INCOME')",0.7582954292976354,0.15466761298046103,0.13211372555088982,0.17616196974457185
"('DESTROYED', 'PALMA', 'AGE_DEPENDENCY', 'I(TENURE_SECURITY>0.81)', 'EPR')",0.7333488063440348,0.14854075898979918,0.11330280324024758,0.17616491862867067
"('DESTROYED', 'PALMA', 'GRID_SMOD', 'I(AGE_DEPENDENCY>0.67)', 'DESTROYED×INCOME')",0.7352367078873215,0.14932853754647624,0.11455534519829619,0.1762157249524836
"('DESTROYED', 'I(TENURE_SECURITY>0.81)')",0.7470138242607097,0.15285005786123568,0.12296773315378785,0.1762679889181046
"('DESTROYED', 'INCOME', 'GRID_SMOD', 'AGE_DEPENDENCY')",0.7456353858260936,0.15370227476536916,0.12080843133672739,0.17629177342533434
"('DESTROYED', 'INCOME', 'I(INCOME>0.7)', 'AGE_DEPENDENCY')",0.75577169554888,0.1553929418507162,0.12933858595691847,0.17631994408625154
"('DESTROYED', 'I(INCOME>0.7)', 'GRID_SMOD', 'I(AGE_DEPENDENCY>0.67)')",0.7488732097572447,0.1544090939996705,0.12346155971223616,0.17633248131822066
"('DESTROYED', 'I(DESTROYED>4.5)', 'INCOME', 'GRID_SMOD', 'I(AGE_DEPENDENCY>0.67)')",0.7632842607740697,0.16353559368102433,0.1287572686543601,0.17633620052043822
"('DESTROYED', 'INCOME', 'I(PALMA>0.06)', 'I(TENURE_SECURITY>0.81)')",0.7393576541084516,0.14742483103980775,0.12101327783706828,0.17636015158947482
"('DESTROYED', 'I(AGE_DEPENDENCY>0.67)', 'TENURE_SECURITY', 'EPR')",0.7384741850073777,0.1472293543179808,0.12044925576506814,0.17640147502522374
"('DESTROYED', 'PALMA', 'I(TENURE_SECURITY>0.81)', 'EPR')",0.735065240515822,0.15023364310650097,0.11410959666297345,0.1764259997512175
"('DESTROYED', 'I(DESTROYED>4.5)', 'PALMA', 'GRID_SMOD', 'TENURE_SECURITY')",0.7577004409308664,0.16653756161403946,0.12061945391672922,0.17648552486663407
"('DESTROYED', 'I(PALMA>0.06)', 'GRID_SMOD', 'I(AGE_DEPENDENCY>0.67)', 'EPR')",0.7299624158005039,0.14735619280818496,0.11207162538186566,0.17648846746318222
"('DESTROYED', 'INCOME', 'PALMA', 'TENURE_SECURITY')",0.7394213604445721,0.14927653649531755,0.11979183570860065,0.17654900391978204
"('DESTROYED', 'INCOME', 'AGE_DEPENDENCY', 'I(AGE_DEPENDENCY>0.67)', 'I(TENURE_SECURITY>0.81)')",0.744200942306977,0.15070989002748555,0.12322679794800537,0.17657858188950462
"('DESTROYED', 'I(INCOME>0.7)', 'PALMA', 'EPR')",0.7526055697191292,0.15474740927069622,0.12777477800440284,0.17663887251865662
"('DESTROYED', 'PALMA', 'I(PALMA>0.06)', 'GRID_SMOD', 'I(AGE_DEPENDENCY>0.67)')",0.7362400054567804,0.14806566302486662,0.11825946045995542,0.17669503934268058
"('DESTROYED', 'I(INCOME>0.7)', 'PALMA', 'TENURE_SECURITY', 'I(TENURE_SECURITY>0.81)')",0.7448007620891917,0.15284768320843922,0.12220893389922306,0.17675195167282354
"('DESTROYED', 'INCOME', 'I(PALMA>0.06)', 'GRID_SMOD', 'I(AGE_DEPENDENCY>0.67)')",0.7356384746951434,0.14814014558581268,0.11777521569205289,0.1767589621942407
"('DESTROYED', 'INCOME', 'GRID_SMOD', 'I(AGE_DEPENDENCY>0.67)')",0.7442189969360025,0.15218019559734042,0.12251085262609243,0.1768240170958101
"('DESTROYED', 'AGE_DEPENDENCY', 'I(AGE_DEPENDENCY>0.67)', 'I(TENURE_SECURITY>0.81)', 'DESTROYED×INCOME')",0.7421687888809418,0.1501756401489275,0.12255999639055502,0.17685561588618023
"('DESTROYED', 'INCOME', 'AGE_DEPENDENCY', 'TENURE_SECURITY', 'EPR')",0.7446147031535815,0.15092842237324594,0.1242796016587977,0.1768644402928207
"('DESTROYED', 'INCOME', 'PALMA', 'I(PALMA>0.06)', 'EPR')",0.7389728211268267,0.1501910483647267,0.11966909088843981,0.17696243937544662
"('DESTROYED', 'I(PALMA>0.06)', 'AGE_DEPENDENCY', 'TENURE_SECURITY', 'I(TENURE_SECURITY>0.81)')",0.7307102607388195,0.14690411702469405,0.11471899595026096,0.1769709507453785
"('DESTROYED', 'INCOME', 'AGE_DEPENDENCY', 'DESTROYED×INCOME')",0.7443979764750195,0.15084176246624897,0.12453729489298566,0.1769936936280717
"('DESTROYED', 'I(DESTROYED>4.5)', 'GRID_SMOD', 'AGE_DEPENDENCY', 'I(AGE_DEPENDENCY>0.67)')",0.7630666940636909,0.1634387841425277,0.1306349913808012,0.17700236048654602
"('DESTROYED', 'PALMA', 'I(PALMA>0.06)', 'TENURE_SECURITY')",0.7342125145082745,0.14797280584792452,0.11724999716216628,0.17700342950060544
"('DESTROYED', 'I(AGE_DEPENDENCY>0.67)', 'I(TENURE_SECURITY>0.81)', 'EPR')",0.739435969899729,0.14916214385363602,0.12128603303622047,0.17700406899670917
"('DESTROYED', 'I(INCOME>0.7)', 'I(PALMA>0.06)', 'I(TENURE_SECURITY>0.81)')",0.7457263509707794,0.14981561336096882,0.12692419170555433,0.17700448469858124
"('DESTROYED', 'I(INCOME>0.7)', 'PALMA', 'TENURE_SECURITY', 'DESTROYED×INCOME')",0.7504999788977508,0.15517915700730908,0.12642032046437837,0.17703316619131224
"('DESTROYED', 'INCOME', 'I(AGE_DEPENDENCY>0.67)', 'TENURE_SECURITY', 'DESTROYED×INCOME')",0.7380017578354705,0.1470781334708414,0.12213506644581605,0.17707048069372897
"('DESTROYED', 'INCOME', 'I(INCOME>0.7)', 'I(PALMA>0.06)', 'TENURE_SECURITY')",0.7421239746669803,0.14886112326960796,0.12447779569106317,0.17707164809789697
"('DESTROYED', 'I(DESTROYED>4.5)', 'I(INCOME>0.7)', 'AGE_DEPENDENCY', 'I(AGE_DEPENDENCY>0.67)')",0.7630713118542926,0.16282955098484114,0.13159315534263574,0.17711713149106145
"('DESTROYED', 'I(AGE_DEPENDENCY>0.67)', 'I(TENURE_SECURITY>0.81)', 'EPR', 'DESTROYED×INCOME')",0.7399765019768866,0.1505223027963561,0.12097694152115078,0.17717424744687346
"('DESTROYED', 'I(INCOME>0.7)', 'I(AGE_DEPENDENCY>0.67)', 'I(TENURE_SECURITY>0.81)', 'EPR')",0.7477022013866925,0.1559718371067497,0.12328816929360166,0.17718593500455296
"('DESTROYED', 'I(DESTROYED>4.5)', 'I(INCOME>0.7)', 'GRID_SMOD', 'I(AGE_DEPENDENCY>0.67)')",0.7631379257370963,0.162328128256069,0.1323727256807944,0.1771876427332557
"('DESTROYED', 'I(DESTROYED>4.5)', 'I(INCOME>0.7)', 'PALMA', 'EPR')",0.7635259994245314,0.16980629943316616,0.12540896021415704,0.17722975340759728
"('DESTROYED', 'PALMA', 'AGE_DEPENDENCY', 'TENURE_SECURITY', 'I(TENURE_SECURITY>0.81)')",0.7314473321893709,0.14856175243264333,0.11470019482256813,0.1772715383552802
"('DESTROYED', 'I(INCOME>0.7)', 'I(PALMA>0.06)', 'TENURE_SECURITY', 'DESTROYED×INCOME')",0.7480016398567166,0.15026741501937876,0.12978564485824284,0.17735047334030166
"('DESTROYED', 'PALMA', 'TENURE_SECURITY', 'DESTROYED×INCOME')",0.7375849621771204,0.14940648707675896,0.12024145838727433,0.17735432776230428
"('DESTROYED', 'I(PALMA>0.06)', 'GRID_SMOD', 'AGE_DEPENDENCY', 'EPR')",0.729883442079938,0.15117267049639027,0.11090761295072059,0.17739894712239093
"('DESTROYED', 'GRID_SMOD', 'AGE_DEPENDENCY', 'DESTROYED×INCOME')",0.7423368399004735,0.1538578822661386,0.12069929205617293,0.17740677814061268
"('DESTROYED', 'AGE_DEPENDENCY', 'EPR')",0.7432583398516477,0.14968909120335894,0.1257903527512796,0.17740703470099695
"('DESTROYED', 'INCOME', 'I(AGE_DEPENDENCY>0.67)', 'DESTROYED×INCOME')",0.7425146500568549,0.14972145143604312,0.12505105109228518,0.1774192841571578
"('DESTROYED', 'PALMA', 'GRID_SMOD', 'I(AGE_DEPENDENCY>0.67)', 'TENURE_SECURITY')",0.7322329510648597,0.14838007553342278,0.11619757681164007,0.17744823376006771
"('DESTROYED', 'I(INCOME>0.7)', 'PALMA', 'I(PALMA>0.06)', 'I(TENURE_SECURITY>0.81)')",0.7430049498677826,0.15343041044354383,0.12196260025078262,0.17746268694218126
"('DESTROYED', 'I(DESTROYED>4.5)', 'I(AGE_DEPENDENCY>0.67)', 'I(TENURE_SECURITY>0.81)', 'EPR')",0.7607468700620159,0.16298792543633825,0.13016697250041975,0.177469342624914
"('DESTROYED', 'I(PALMA>0.06)', 'AGE_DEPENDENCY', 'TENURE_SECURITY', 'EPR')",0.7299777138595254,0.14985447295628082,0.11254336196994968,0.1774733736889017
"('DESTROYED', 'PALMA', 'I(PALMA>0.06)', 'I(TENURE_SECURITY>0.81)', 'EPR')",0.7322218958214246,0.1488650659730981,0.11579504380863835,0.17747940465343728
"('DESTROYED', 'GRID_SMOD', 'I(AGE_DEPENDENCY>0.67)', 'I(TENURE_SECURITY>0.81)')",0.7425846676154406,0.15128998654026288,0.12374277792866002,0.17748269895116076
"('DESTROYED', 'I(DESTROYED>4.5)', 'GRID_SMOD', 'AGE_DEPENDENCY')",0.7650475509651002,0.16454671152347378,0.13298659960538678,0.17749525338792008
"('DESTROYED', 'INCOME', 'AGE_DEPENDENCY', 'I(TENURE_SECURITY>0.81)', 'EPR')",0.7456537499741505,0.15531812246237575,0.12283323274513652,0.17749920174445397
"('DESTROYED', 'I(INCOME>0.7)', 'AGE_DEPENDENCY', 'DESTROYED×INCOME')",0.7566783721283916,0.15641577454159825,0.13280573659692493,0.17751437967004388
"('DESTROYED', 'INCOME')",0.7483147295581654,0.15378452926623315,0.12716995215671045,0.1775465839549261
"('DESTROYED', 'INCOME', 'I(INCOME>0.7)', 'PALMA', 'TENURE_SECURITY')",0.7466860133189608,0.15421135930456847,0.12513805743372142,0.17755446780644304
"('DESTROYED', 'PALMA', 'AGE_DEPENDENCY', 'TENURE_SECURITY', 'EPR')",0.7296166335323524,0.14973570718631798,0.11262297986902174,0.17758068450766243
"('DESTROYED', 'PALMA', 'GRID_SMOD', 'I(AGE_DEPENDENCY>0.67)', 'EPR')",0.7273364100522401,0.15107399337060548,0.10920508018544824,0.1776475545012712
"('DESTROYED', 'PALMA', 'TENURE_SECURITY', 'I(TENURE_SECURITY>0.81)')",0.7327589800534853,0.14942677875543156,0.11643583426286591,0.17770121098827074
"('DESTROYED', 'AGE_DEPENDENCY', 'I(AGE_DEPENDENCY>0.67)', 'EPR')",0.7379836738455706,0.14967740923695694,0.12144696384046227,0.1777135664106162
"('DESTROYED', 'INCOME', 'GRID_SMOD', 'I(AGE_DEPENDENCY>0.67)', 'TENURE_SECURITY')",0.7399126730540008,0.14971351637622687,0.12335894906604702,0.17771993079609105
"('DESTROYED', 'PALMA', 'GRID_SMOD', 'AGE_DEPENDENCY', 'I(TENURE_SECURITY>0.81)')",0.729073540789944,0.15167258744525045,0.1106542009879804,0.17775108254776228
"('DESTROYED', 'DESTROYED×INCOME')",0.7466765341560665,0.1538034399533469,0.1262253133511432,0.17778407304947452
"('DESTROYED', 'I(INCOME>0.7)', 'I(PALMA>0.06)', 'TENURE_SECURITY')",0.7449537699862478,0.15016025818501516,0.12815854942047683,0.17778834587308137
"('DESTROYED', 'PALMA', 'I(PALMA>0.06)', 'EPR', 'DESTROYED×INCOME')",0.7372933497419255,0.14902835681447202,0.12172101507564465,0.17781867404939708
"('DESTROYED', 'INCOME', 'I(INCOME>0.7)', 'I(PALMA>0.06)', 'DESTROYED×INCOME')",0.7390615699888043,0.1496899926835081,0.12290416492359746,0.1778441958727671
"('DESTROYED', 'INCOME', 'GRID_SMOD', 'AGE_DEPENDENCY', 'TENURE_SECURITY')",0.7401186382955762,0.15203047203114337,0.12163051126630256,0.17784744833395658
"('DESTROYED', 'PALMA', 'GRID_SMOD', 'AGE_DEPENDENCY', 'TENURE_SECURITY')",0.7278678658800553,0.15165949651643987,0.10975763121780606,0.17784975395139688
"('DESTROYED', 'PALMA', 'I(PALMA>0.06)', 'I(TENURE_SECURITY>0.81)', 'DESTROYED×INCOME')",0.7346523450448804,0.14950230038738735,0.11872349139810519,0.17785781558020405
"('DESTROYED', 'I(DESTROYED>4.5)', 'I(AGE_DEPENDENCY>0.67)', 'EPR', 'DESTROYED×INCOME')",0.7610839233313771,0.16382391341359365,0.13089594550821554,0.1778786451968107
"('DESTROYED', 'I(PALMA>0.06)', 'GRID_SMOD')",0.7375120682483024,0.14929366640467562,0.12185807999322133,0.1778798927165315
"('DESTROYED', 'I(INCOME>0.7)', 'PALMA', 'I(PALMA>0.06)', 'TENURE_SECURITY')",0.743733513203658,0.15363330128012462,0.12380318310804173,0.17790099039483612
"('DESTROYED', 'I(PALMA>0.06)', 'GRID_SMOD', 'AGE_DEPENDENCY', 'I(TENURE_SECURITY>0.81)')",0.7293421532654908,0.15017345536337123,0.11288322782294741,0.17790484330694264
"('DESTROYED', 'AGE_DEPENDENCY', 'TENURE_SECURITY', 'EPR', 'DESTROYED×INCOME')",0.7426453604052126,0.15013230220799828,0.1262813523211724,0.17792276470798604
"('DESTROYED', 'I(PALMA>0.06)', 'GRID_SMOD', 'I(AGE_DEPENDENCY>0.67)', 'DESTROYED×INCOME')",0.7333714432493899,0.14829851108370945,0.11891518382902659,0.1779474172211154
"('DESTROYED', 'I(DESTROYED>4.5)', 'I(TENURE_SECURITY>0.81)')",0.7592817117724509,0.165550715252524,0.1275986924050779,0.17795589862838368
"('DESTROYED', 'I(PALMA>0.06)', 'GRID_SMOD', 'I(AGE_DEPENDENCY>0.67)', 'TENURE_SECURITY')",0.7316391310879691,0.14780598265080508,0.1177168519845762,0.17796123451580406
"('DESTROYED', 'I(INCOME>0.7)', 'I(PALMA>0.06)', 'GRID_SMOD', 'DESTROYED×INCOME')",0.7432767932199266,0.15213639094042763,0.1250431172273249,0.17796757164927532
"('DESTROYED', 'INCOME', 'PALMA', 'I(PALMA>0.06)', 'DESTROYED×INCOME')",0.7307967305288805,0.1512901490901969,0.11342320231981615,0.17797220696037752
"('DESTROYED', 'INCOME', 'AGE_DEPENDENCY', 'TENURE_SECURITY', 'DESTROYED×INCOME')",0.7381453933591842,0.14894329910730864,0.12318160562666937,0.1779931704582646
"('DESTROYED', 'I(INCOME>0.7)', 'PALMA', 'EPR', 'DESTROYED×INCOME')",0.7493650688647162,0.15918237468134017,0.12429828730723395,0.17803853104128597
"('DESTROYED', 'PALMA', 'GRID_SMOD', 'AGE_DEPENDENCY', 'I(AGE_DEPENDENCY>0.67)')",0.7309503576116143,0.14995536385176259,0.11512726243090074,0.17804408955701634
"('DESTROYED', 'AGE_DEPENDENCY', 'I(AGE_DEPENDENCY>0.67)', 'TENURE_SECURITY', 'I(TENURE_SECURITY>0.81)')",0.7366435961864277,0.1488401400959356,0.1220210030374261,0.178072515648978
"('DESTROYED', 'INCOME', 'I(INCOME>0.7)', 'I(AGE_DEPENDENCY>0.67)', 'I(TENURE_SECURITY>0.81)')",0.7503065427585699,0.1546596322422132,0.13004202158631775,0.17813170368998701
"('DESTROYED', 'I(PALMA>0.06)', 'TENURE_SECURITY', 'I(TENURE_SECURITY>0.81)')",0.7311615219789642,0.1478829741916418,0.1177251419048655,0.17814886470584768
"('DESTROYED', 'I(PALMA>0.06)', 'GRID_SMOD', 'AGE_DEPENDENCY', 'I(AGE_DEPENDENCY>0.67)')",0.7311183183985976,0.14844125347706702,0.11727007926830442,0.17819767144892462
"('DESTROYED', 'GRID_SMOD', 'I(AGE_DEPENDENCY>0.67)', 'DESTROYED×INCOME')",0.7419079055124842,0.1523137268584212,0.12432107637832121,0.1782422992414194
"('DESTROYED', 'I(DESTROYED>4.5)', 'DESTROYED×INCOME')",0.7598162039062921,0.16448119113918439,0.1300980123038641,0.1782543331789188
"('DESTROYED', 'INCOME', 'PALMA', 'GRID_SMOD')",0.7356605012180704,0.15183577120459207,0.11860787915521746,0.17826104971391307
"('DESTROYED', 'I(DESTROYED>4.5)', 'INCOME')",0.7583685643465857,0.1647178892070255,0.12847058597941055,0.17827330361328345
"('DESTROYED', 'I(INCOME>0.7)', 'I(PALMA>0.06)', 'TENURE_SECURITY', 'EPR')",0.7426115038506974,0.15387233462852198,0.12368346026492959,0.17831476368091806
"('DESTROYED', 'I(DESTROYED>4.5)', 'AGE_DEPENDENCY', 'I(TENURE_SECURITY>0.81)')",0.7631561264410147,0.16297601867436037,0.13532773070081217,0.17838254097805262
"('DESTROYED', 'I(INCOME>0.7)', 'I(PALMA>0.06)', 'GRID_SMOD', 'EPR')",0.7381796396700605,0.15533795740943895,0.11809532993214801,0.17841788255717547
"('DESTROYED', 'INCOME', 'PALMA', 'I(PALMA>0.06)', 'I(TENURE_SECURITY>0.81)')",0.7366402936074701,0.15009324363022988,0.12181425242415633,0.17842240081563873
"('DESTROYED', 'I(PALMA>0.06)', 'GRID_SMOD', 'AGE_DEPENDENCY', 'TENURE_SECURITY')",0.7278622373448395,0.15032537143817964,0.11289760094297709,0.17845357834543907
"('DESTROYED', 'I(INCOME>0.7)', 'GRID_SMOD', 'I(AGE_DEPENDENCY>0.67)', 'I(TENURE_SECURITY>0.81)')",0.7433901139394736,0.15412070301382494,0.12463345914864106,0.1784546827409975
"('DESTROYED', 'INCOME', 'PALMA', 'I(TENURE_SECURITY>0.81)', 'EPR')",0.7373379182870046,0.15328475990857734,0.11944539614824742,0.1784640792566067
"('DESTROYED', 'INCOME', 'I(AGE_DEPENDENCY>0.67)', 'I(TENURE_SECURITY>0.81)', 'DESTROYED×INCOME')",0.7385146405626049,0.15028847732763623,0.12381880958356169,0.1785308821161977
"('DESTROYED', 'I(INCOME>0.7)', 'PALMA', 'I(PALMA>0.06)', 'GRID_SMOD')",0.7366013666146576,0.15451717608887483,0.11772858022450504,0.1785481298995741
"('DESTROYED', 'INCOME', 'I(INCOME>0.7)', 'PALMA', 'DESTROYED×INCOME')",0.7404709862584917,0.15569118435906906,0.12052589903430157,0.17858203237829295
"('DESTROYED', 'INCOME', 'I(TENURE_SECURITY>0.81)')",0.7435876146954759,0.15484172900920407,0.12455072392123506,0.17860161274498776
"('DESTROYED', 'I(DESTROYED>4.5)', 'I(INCOME>0.7)', 'I(AGE_DEPENDENCY>0.67)', 'DESTROYED×INCOME')",0.7654430887699912,0.16277361898997042,0.13854223791746945,0.17862425604581622
"('DESTROYED', 'GRID_SMOD', 'AGE_DEPENDENCY', 'TENURE_SECURITY', 'DESTROYED×INCOME')",0.7366017581082698,0.1521978742737249,0.12035987195428845,0.17865199603991452
"('DESTROYED', 'PALMA', 'GRID_SMOD', 'I(TENURE_SECURITY>0.81)')",0.7314704181096201,0.15307796744649432,0.11442014216351852,0.17867589716679758
"('DESTROYED', 'INCOME', 'I(PALMA>0.06)', 'DESTROYED×INCOME')",0.7334035493795433,0.1498946089159394,0.11955428449165688,0.1786817813426843
"('DESTROYED', 'INCOME', 'GRID_SMOD', 'I(AGE_DEPENDENCY>0.67)', 'I(TENURE_SECURITY>0.81)')",0.7393670190696813,0.15252998661629394,0.12290400734539669,0.17868899163066979
"('DESTROYED', 'I(DESTROYED>4.5)', 'INCOME', 'I(INCOME>0.7)', 'I(AGE_DEPENDENCY>0.67)')",0.7658693809319848,0.1620165595905253,0.14010969447636654,0.17875229104496904
"('DESTROYED', 'INCOME', 'I(INCOME>0.7)', 'PALMA', 'GRID_SMOD')",0.7397410035315917,0.15737733382774394,0.11867688564438754,0.17877107198017994
"('DESTROYED', 'GRID_SMOD', 'I(AGE_DEPENDENCY>0.67)', 'TENURE_SECURITY', 'DESTROYED×INCOME')",0.7368973730202246,0.15027034692854674,0.12296873593235688,0.17878056994689298
"('DESTROYED', 'I(DESTROYED>4.5)', 'AGE_DEPENDENCY', 'I(AGE_DEPENDENCY>0.67)', 'EPR')",0.7588770395045421,0.1639099553725345,0.13132785129187388,0.17878692238662208
"('DESTROYED', 'I(DESTROYED>4.5)', 'PALMA', 'I(TENURE_SECURITY>0.81)', 'EPR')",0.7574810595370778,0.16853945560508438,0.12531185468461853,0.17879008358420836
"('DESTROYED', 'I(DESTROYED>4.5)', 'INCOME', 'I(AGE_DEPENDENCY>0.67)', 'EPR')",0.7592391499756111,0.16442339027982059,0.13137668960344145,0.1788536433025503
"('DESTROYED', 'I(TENURE_SECURITY>0.81)', 'DESTROYED×INCOME')",0.7423119829808447,0.15501232509765636,0.12403197527814143,0.1789107724649844
"('DESTROYED', 'I(DESTROYED>4.5)', 'AGE_DEPENDENCY', 'I(TENURE_SECURITY>0.81)', 'DESTROYED×INCOME')",0.7609286359381531,0.16348305606912802,0.13434171267224712,0.178965377601074
"('DESTROYED', 'PALMA', 'I(PALMA>0.06)', 'GRID_SMOD')",0.733071043412666,0.15142797893233081,0.11874383019065766,0.17903358857010745
"('DESTROYED', 'INCOME', 'I(PALMA>0.06)', 'TENURE_SECURITY')",0.7344157131551533,0.14882454041541301,0.12282375170742672,0.17907752632256213
"('DESTROYED', 'AGE_DEPENDENCY', 'I(TENURE_SECURITY>0.81)', 'EPR', 'DESTROYED×INCOME')",0.7417810416231291,0.15429570768558679,0.12474809446665633,0.17908758684303802
"('DESTROYED', 'I(PALMA>0.06)', 'I(TENURE_SECURITY>0.81)', 'EPR', 'DESTROYED×INCOME')",0.7327359651839587,0.15008192791488476,0.11996654914380793,0.17910417062491132
"('DESTROYED', 'I(DESTROYED>4.5)', 'I(INCOME>0.7)', 'I(AGE_DEPENDENCY>0.67)', 'EPR')",0.7587920347823092,0.16486214033976365,0.13125006121736035,0.17910672225827162
"('DESTROYED', 'I(INCOME>0.7)', 'I(AGE_DEPENDENCY>0.67)', 'I(TENURE_SECURITY>0.81)', 'DESTROYED×INCOME')",0.7519767811449971,0.1558367061045339,0.13360186801813081,0.17915393099255586
"('DESTROYED', 'PALMA', 'GRID_SMOD', 'AGE_DEPENDENCY', 'EPR')",0.72770336569171,0.15360775041669783,0.11161909667722227,0.1791744938007367
"('DESTROYED', 'INCOME', 'AGE_DEPENDENCY', 'I(AGE_DEPENDENCY>0.67)', 'EPR')",0.7367017537158516,0.1533760431961778,0.12085342802909477,0.1791759058364737
"('DESTROYED', 'I(DESTROYED>4.5)', 'I(INCOME>0.7)', 'AGE_DEPENDENCY', 'I(TENURE_SECURITY>0.81)')",0.7612623106464944,0.16411191288520915,0.13493450038640464,0.17926136754170643
"('DESTROYED', 'I(PALMA>0.06)', 'GRID_SMOD', 'I(TENURE_SECURITY>0.81)')",0.7308045893626114,0.1513713481742686,0.11721752263438008,0.1792614271486791
"('DESTROYED', 'I(INCOME>0.7)', 'AGE_DEPENDENCY', 'I(AGE_DEPENDENCY>0.67)', 'EPR')",0.74373609421523,0.15968559814045769,0.12185650310845156,0.1792686690112264
"('DESTROYED', 'INCOME', 'I(INCOME>0.7)', 'PALMA', 'EPR')",0.7461753282828547,0.15771729684256305,0.12638444822143688,0.1793088055937151
"('DESTROYED', 'AGE_DEPENDENCY', 'TENURE_SECURITY', 'I(TENURE_SECURITY>0.81)')",0.7379970072096724,0.15027526245138786,0.12567626280138353,0.17931817268103298
"('DESTROYED', 'PALMA', 'GRID_SMOD', 'DESTROYED×INCOME')",0.7323325267663725,0.152539261012447,0.11782691574739451,0.179344549997823
"('DESTROYED', 'TENURE_SECURITY')",0.7416366695444858,0.15513790393480334,0.1245526551948588,0.1793512965283921
"('DESTROYED', 'I(INCOME>0.7)', 'PALMA', 'GRID_SMOD', 'DESTROYED×INCOME')",0.7429044663481763,0.15797710797159692,0.12299886042200482,0.17935716734847515
"('DESTROYED', 'INCOME', 'I(PALMA>0.06)', 'I(TENURE_SECURITY>0.81)', 'EPR')",0.7346162396062899,0.1510003016567749,0.12170366419854704,0.179362575416344
"('DESTROYED', 'I(PALMA>0.06)', 'TENURE_SECURITY', 'DESTROYED×INCOME')",0.7336229345311094,0.1486491538715757,0.12309370967829679,0.179373309672921
"('DESTROYED', 'I(DESTROYED>4.5)', 'I(INCOME>0.7)', 'GRID_SMOD', 'AGE_DEPENDENCY')",0.7588281100903961,0.16545541050375492,0.131524563807995,0.1793839547404513
"('DESTROYED', 'I(DESTROYED>4.5)', 'INCOME', 'AGE_DEPENDENCY', 'I(TENURE_SECURITY>0.81)')",0.7608411735977673,0.16431106148935787,0.13474550411733952,0.17940513066964336
"('DESTROYED', 'I(DESTROYED>4.5)', 'GRID_SMOD')",0.7570595827526556,0.1663695837899396,0.12894939385237297,0.17941979829655233
"('DESTROYED', 'INCOME', 'I(INCOME>0.7)', 'I(PALMA>0.06)', 'GRID_SMOD')",0.7384869274888355,0.15128794158622913,0.12554256141548906,0.17944785850429423
"('DESTROYED', 'I(DESTROYED>4.5)', 'AGE_DEPENDENCY', 'TENURE_SECURITY', 'I(TENURE_SECURITY>0.81)')",0.758672205565441,0.1622148974777025,0.13481330001622124,0.17945199730949424
"('DESTROYED', 'I(INCOME>0.7)', 'AGE_DEPENDENCY', 'I(TENURE_SECURITY>0.81)', 'EPR')",0.7493099277595631,0.15982452980823053,0.12793141044355574,0.17948200416407442
"('DESTROYED', 'I(DESTROYED>4.5)', 'TENURE_SECURITY')",0.7565343574685,0.1648404632108746,0.13035731246211987,0.1795544727348315
"('DESTROYED', 'I(DESTROYED>4.5)', 'INCOME', 'I(PALMA>0.06)', 'DESTROYED×INCOME')",0.7411732754411239,0.16384669443544192,0.11601063070561826,0.17956134989997877
"('DESTROYED', 'I(INCOME>0.7)', 'GRID_SMOD', 'AGE_DEPENDENCY', 'I(TENURE_SECURITY>0.81)')",0.7439801781942976,0.15857245207147072,0.1241574085087199,0.17958322746196434
"('DESTROYED', 'GRID_SMOD', 'AGE_DEPENDENCY', 'TENURE_SECURITY')",0.7365443453537335,0.15350967595767945,0.12185732760937663,0.1796075527377742
"('DESTROYED', 'GRID_SMOD', 'I(AGE_DEPENDENCY>0.67)', 'EPR')",0.7329744139467104,0.1547154126920575,0.11708455741765562,0.17960851872100092
"('DESTROYED', 'AGE_DEPENDENCY', 'I(AGE_DEPENDENCY>0.67)', 'EPR', 'DESTROYED×INCOME')",0.736876572671765,0.15249390058408632,0.12323721714164161,0.17961818168465435
"('DESTROYED', 'INCOME', 'PALMA', 'I(TENURE_SECURITY>0.81)', 'DESTROYED×INCOME')",0.7316387449794269,0.15302605434297628,0.11746813492428336,0.17961848142927758
"('DESTROYED', 'I(DESTROYED>4.5)', 'PALMA', 'TENURE_SECURITY', 'EPR')",0.7568492646761429,0.16840427217317358,0.1275198071545012,0.17969160488384395
"('DESTROYED', 'I(DESTROYED>4.5)', 'GRID_SMOD', 'AGE_DEPENDENCY', 'TENURE_SECURITY')",0.7583861901112243,0.16384845913915427,0.13362039255957578,0.17969422052916859
"('DESTROYED', 'INCOME', 'PALMA', 'TENURE_SECURITY', 'I(TENURE_SECURITY>0.81)')",0.7319408662993063,0.15110254929073694,0.1199291561541283,0.17969694638185296
"('DESTROYED', 'I(INCOME>0.7)', 'I(PALMA>0.06)', 'GRID_SMOD')",0.7397602609356049,0.15128682443286912,0.12772237309290585,0.17974964553005668
"('DESTROYED', 'I(DESTROYED>4.5)', 'AGE_DEPENDENCY', 'EPR')",0.7592431144386806,0.16482362927841776,0.13367994213469983,0.17975348565814564
"('DESTROYED', 'I(PALMA>0.06)', 'TENURE_SECURITY', 'EPR')",0.7300284507676392,0.15052038048037827,0.11885039870620455,0.17978077613964785
"('DESTROYED', 'I(INCOME>0.7)', 'PALMA', 'GRID_SMOD', 'TENURE_SECURITY')",0.7385489474136182,0.15499023951589966,0.12313139458285821,0.1798575622283799
"('DESTROYED', 'INCOME', 'PALMA', 'I(PALMA>0.06)', 'TENURE_SECURITY')",0.7322219751825891,0.15082437022271009,0.12104750977655393,0.1798833016055583
"('DESTROYED', 'PALMA', 'TENURE_SECURITY', 'EPR')",0.730890717293883,0.1526197063094651,0.11798872215743925,0.17990590372434045
"('DESTROYED', 'INCOME', 'GRID_SMOD', 'AGE_DEPENDENCY', 'I(TENURE_SECURITY>0.81)')",0.7384509533404695,0.15604952296179064,0.12220243532159812,0.17993366831430643
"('DESTROYED', 'PALMA', 'I(TENURE_SECURITY>0.81)', 'EPR', 'DESTROYED×INCOME')",0.7339791338464052,0.15267082104051377,0.12119975834475583,0.17996381517962146
"('DESTROYED', 'GRID_SMOD', 'AGE_DEPENDENCY', 'I(AGE_DEPENDENCY>0.67)')",0.737914040832226,0.15306081731247131,0.1247677177873755,0.17997149808920695
"('DESTROYED', 'PALMA', 'I(PALMA>0.06)', 'TENURE_SECURITY', 'I(TENURE_SECURITY>0.81)')",0.7266619389239579,0.1498780828267175,0.11671628670142103,0.1799774768680602
"('DESTROYED', 'I(DESTROYED>4.5)', 'PALMA', 'GRID_SMOD', 'EPR')",0.7548089037869677,0.17008325957369033,0.12473165760767164,0.18000200446479808
"('DESTROYED', 'I(INCOME>0.7)', 'I(PALMA>0.06)', 'TENURE_SECURITY', 'I(TENURE_SECURITY>0.81)')",0.7394189809179397,0.15173684226776496,0.12777634442487085,0.18003140192489872
"('DESTROYED', 'AGE_DEPENDENCY', 'I(AGE_DEPENDENCY>0.67)', 'TENURE_SECURITY', 'EPR')",0.7307999575615052,0.14979504098070529,0.12114919860726521,0.18004809400882174
"('DESTROYED', 'INCOME', 'I(INCOME>0.7)', 'AGE_DEPENDENCY', 'I(AGE_DEPENDENCY>0.67)')",0.747121068005994,0.15637975198182127,0.13090531015182222,0.1800546647092165
"('DESTROYED', 'I(AGE_DEPENDENCY>0.67)', 'TENURE_SECURITY', 'I(TENURE_SECURITY>0.81)', 'EPR')",0.7294377392933791,0.14995793017345377,0.11972123485869984,0.18008047524625817
"('DESTROYED', 'I(DESTROYED>4.5)', 'I(INCOME>0.7)')",0.7566972195391647,0.16589124567508295,0.13146010242595377,0.18021804285395734
"('DESTROYED', 'INCOME', 'I(INCOME>0.7)', 'AGE_DEPENDENCY', 'I(TENURE_SECURITY>0.81)')",0.7491729076906947,0.15803937842952154,0.1318224142594615,0.1802296283327628
"('DESTROYED', 'PALMA', 'I(PALMA>0.06)', 'TENURE_SECURITY', 'DESTROYED×INCOME')",0.7309820228324095,0.1505123421685706,0.1213833548410438,0.1803045580590683
"('DESTROYED', 'GRID_SMOD', 'I(AGE_DEPENDENCY>0.67)', 'I(TENURE_SECURITY>0.81)', 'DESTROYED×INCOME')",0.7353757296972694,0.1528800756595763,0.12348423612462149,0.18032952736230948
"('DESTROYED', 'INCOME', 'PALMA', 'TENURE_SECURITY', 'EPR')",0.7321958707712323,0.15479084314656444,0.11840077414563968,0.1803319155069906
"('DESTROYED', 'INCOME', 'AGE_DEPENDENCY', 'I(TENURE_SECURITY>0.81)', 'DESTROYED×INCOME')",0.7376112342029748,0.15354725226075244,0.1251512316087308,0.1803624165555028
"('DESTROYED', 'I(DESTROYED>4.5)', 'INCOME', 'I(AGE_DEPENDENCY>0.67)', 'DESTROYED×INCOME')",0.7516237125416225,0.1637678332052803,0.1289588358625351,0.18036765217539763
"('DESTROYED', 'I(INCOME>0.7)', 'PALMA', 'GRID_SMOD', 'I(TENURE_SECURITY>0.81)')",0.7371037101412796,0.15576457537182659,0.12250097190506219,0.18038727904520305
"('DESTROYED', 'INCOME', 'PALMA', 'GRID_SMOD', 'I(TENURE_SECURITY>0.81)')",0.7290414864032062,0.1543523160053137,0.11601940315181233,0.18044341091797325
"('DESTROYED', 'EPR')",0.7423559191166842,0.15534124722144652,0.1283957092824448,0.1804603457957357
"('DESTROYED', 'I(DESTROYED>4.5)', 'GRID_SMOD', 'I(AGE_DEPENDENCY>0.67)', 'EPR')",0.754282432388919,0.16695706139755465,0.12883573216548416,0.18050345372470658
"('DESTROYED', 'I(DESTROYED>4.5)', 'I(TENURE_SECURITY>0.81)', 'DESTROYED×INCOME')",0.7545994365945485,0.16757521571332762,0.12870530750767384,0.18056036220881766
"('DESTROYED', 'I(PALMA>0.06)', 'GRID_SMOD', 'EPR')",0.7296734043649518,0.1511224957899938,0.12033632251158514,0.18059513797887572
"('DESTROYED', 'AGE_DEPENDENCY', 'I(AGE_DEPENDENCY>0.67)', 'I(TENURE_SECURITY>0.81)', 'EPR')",0.7310221963564816,0.15185670986142843,0.12099033947038192,0.18060828432510959
"('DESTROYED', 'PALMA', 'TENURE_SECURITY', 'I(TENURE_SECURITY>0.81)', 'DESTROYED×INCOME')",0.7296730102352948,0.15102129036508197,0.12065899609447155,0.1806690920747529
"('DESTROYED', 'INCOME', 'I(INCOME>0.7)', 'I(AGE_DEPENDENCY>0.67)', 'EPR')",0.7414236224136246,0.15898063291398462,0.12461338310844429,0.18072346453626809
"('DESTROYED', 'INCOME', 'PALMA', 'EPR', 'DESTROYED×INCOME')",0.7298166614115196,0.1546942478961445,0.11744284733129441,0.18077347793863976
"('DESTROYED', 'I(DESTROYED>4.5)', 'INCOME', 'PALMA', 'DESTROYED×INCOME')",0.7427357948508893,0.16901738125301366,0.1161795775596145,0.1808203879872463
"('DESTROYED', 'I(INCOME>0.7)', 'GRID_SMOD', 'AGE_DEPENDENCY', 'I(AGE_DEPENDENCY>0.67)')",0.739660982006626,0.15952727433329908,0.12271104606059398,0.1808591127957557
"('DESTROYED', 'GRID_SMOD', 'AGE_DEPENDENCY', 'I(TENURE_SECURITY>0.81)')",0.7367791703427007,0.15554916017714535,0.12395822127363522,0.1809094037026933
"('DESTROYED', 'AGE_DEPENDENCY', 'I(TENURE_SECURITY>0.81)', 'EPR')",0.7358032528335137,0.15320632232904702,0.12541812558613535,0.18094039836055623
"('DESTROYED', 'GRID_SMOD', 'AGE_DEPENDENCY', 'I(TENURE_SECURITY>0.81)', 'DESTROYED×INCOME')",0.7336887527890659,0.15618128326108713,0.12051145916584052,0.18100132987928727
"('DESTROYED', 'I(DESTROYED>4.5)', 'EPR')",0.7546936280273213,0.16690904013243202,0.1310059515471174,0.18107378788407602
"('DESTROYED', 'I(INCOME>0.7)', 'PALMA', 'TENURE_SECURITY', 'EPR')",0.7461118248382926,0.15655854587013188,0.1328372440481135,0.18109465502665092
"('DESTROYED', 'I(DESTROYED>4.5)', 'INCOME', 'I(TENURE_SECURITY>0.81)')",0.7538779242951761,0.16753398223345825,0.1298077736893948,0.181154610542559
"('DESTROYED', 'I(INCOME>0.7)', 'GRID_SMOD', 'AGE_DEPENDENCY', 'EPR')",0.7412510384931921,0.16396540911878804,0.12104153991381256,0.18125197017980285
"('DESTROYED', 'I(INCOME>0.7)', 'AGE_DEPENDENCY', 'I(AGE_DEPENDENCY>0.67)', 'DESTROYED×INCOME')",0.7507152679680668,0.1579617437009609,0.1366191404902466,0.18128853874104692
"('DESTROYED', 'I(INCOME>0.7)', 'PALMA', 'I(TENURE_SECURITY>0.81)', 'EPR')",0.7462739142074362,0.15719326654473606,0.13296708184967426,0.1812954780623247
"('DESTROYED', 'I(DESTROYED>4.5)', 'GRID_SMOD', 'AGE_DEPENDENCY', 'DESTROYED×INCOME')",0.7578490571472274,0.16637717815225475,0.13542719649361903,0.18131843916621548
"('DESTROYED', 'INCOME', 'I(PALMA>0.06)', 'TENURE_SECURITY', 'I(TENURE_SECURITY>0.81)')",0.72754155828694,0.1501168087869778,0.12152341864478533,0.18136622304827435
"('DESTROYED', 'GRID_SMOD', 'I(AGE_DEPENDENCY>0.67)', 'TENURE_SECURITY', 'I(TENURE_SECURITY>0.81)')",0.7332470262360091,0.15216160706184326,0.12524623324175974,0.18138693802253128
"('DESTROYED', 'PALMA', 'GRID_SMOD', 'EPR')",0.7298741414625389,0.15495278693660924,0.1191147242747091,0.1813977899162598
"('DESTROYED', 'INCOME', 'AGE_DEPENDENCY', 'EPR', 'DESTROYED×INCOME')",0.7335841358199731,0.1552227623127836,0.1226946534102348,0.18144442663434845
"('DESTROYED', 'I(DESTROYED>4.5)', 'AGE_DEPENDENCY', 'TENURE_SECURITY', 'EPR')",0.7541562142701417,0.1641846590043613,0.13440271234150675,0.18147705235857545
"('DESTROYED', 'I(DESTROYED>4.5)', 'AGE_DEPENDENCY', 'EPR', 'DESTROYED×INCOME')",0.7571922192497906,0.16648074300635218,0.13519347230960116,0.18149399868872088
"('DESTROYED', 'PALMA', 'GRID_SMOD', 'TENURE_SECURITY')",0.7270421169860659,0.1542084390980501,0.11736652806730297,0.1815109500597624
"('DESTROYED', 'I(PALMA>0.06)', 'TENURE_SECURITY', 'I(TENURE_SECURITY>0.81)', 'DESTROYED×INCOME')",0.7265927210987997,0.14981433363929872,0.12145017664703424,0.18155726306251108
"('DESTROYED', 'I(DESTROYED>4.5)', 'TENURE_SECURITY', 'I(TENURE_SECURITY>0.81)')",0.7536607983329863,0.16627447649438326,0.13207752490254632,0.18156373435464776
"('DESTROYED', 'PALMA', 'I(PALMA>0.06)', 'GRID_SMOD', 'I(TENURE_SECURITY>0.81)')",0.7252178719106286,0.15389515182218078,0.11603245020688434,0.18156991003947884
"('DESTROYED', 'I(DESTROYED>4.5)', 'INCOME', 'GRID_SMOD', 'AGE_DEPENDENCY')",0.7563799425688997,0.16709571423919634,0.13444205707576104,0.1817192762486859
"('DESTROYED', 'AGE_DEPENDENCY', 'TENURE_SECURITY', 'EPR')",0.7338909009612307,0.1523005203500479,0.12694276911828742,0.18178412950236822
"('DESTROYED', 'TENURE_SECURITY', 'I(TENURE_SECURITY>0.81)')",0.7366478130104887,0.15435075494420455,0.1276517375616288,0.1817848931651149
"('DESTROYED', 'I(INCOME>0.7)', 'I(TENURE_SECURITY>0.81)')",0.746791519062213,0.15799351848707682,0.13416703638157856,0.18178967860214748
"('DESTROYED', 'I(DESTROYED>4.5)', 'INCOME', 'I(INCOME>0.7)', 'AGE_DEPENDENCY')",0.7591656124667313,0.1662348979255763,0.13831230005349693,0.1817938618374473
"('DESTROYED', 'INCOME', 'GRID_SMOD', 'I(AGE_DEPENDENCY>0.67)', 'EPR')",0.7312897753495771,0.15702951604933488,0.11967621068061096,0.1818053171267896
"('DESTROYED', 'INCOME', 'I(PALMA>0.06)', 'I(TENURE_SECURITY>0.81)', 'DESTROYED×INCOME')",0.727449018063725,0.15223269198582665,0.1206987494508954,0.1818274744576657
"('DESTROYED', 'I(DESTROYED>4.5)', 'INCOME', 'TENURE_SECURITY')",0.7518525627262588,0.1664748955862183,0.13094719613671518,0.18185650966555822
"('DESTROYED', 'INCOME', 'DESTROYED×INCOME')",0.7384022995135041,0.15692621693055658,0.1270705651901722,0.18186482753574154
"('DESTROYED', 'I(INCOME>0.7)', 'AGE_DEPENDENCY', 'I(TENURE_SECURITY>0.81)', 'DESTROYED×INCOME')",0.7490564059437788,0.15881854698587658,0.13590694844312734,0.18188969649507505
"('DESTROYED', 'I(DESTROYED>4.5)', 'I(INCOME>0.7)', 'AGE_DEPENDENCY', 'DESTROYED×INCOME')",0.7589316708060732,0.16636935092788768,0.13831034664923036,0.18191600892368162
"('DESTROYED', 'GRID_SMOD', 'AGE_DEPENDENCY', 'I(AGE_DEPENDENCY>0.67)', 'TENURE_SECURITY')",0.7285268467250074,0.15282617061071097,0.12151204822269097,0.1819371240361315
"('DESTROYED', 'PALMA', 'I(PALMA>0.06)', 'TENURE_SECURITY', 'EPR')",0.7271503456266131,0.15194793956141345,0.12111697859464683,0.1819715241764824
"('DESTROYED', 'I(INCOME>0.7)')",0.7517517544204142,0.15630409646091256,0.1413952769720374,0.18198253967084524
"('DESTROYED', 'INCOME', 'AGE_DEPENDENCY', 'I(AGE_DEPENDENCY>0.67)', 'DESTROYED×INCOME')",0.7335026824486246,0.15253122387888063,0.126959141548629,0.181995894326295
"('DESTROYED', 'PALMA', 'GRID_SMOD', 'I(TENURE_SECURITY>0.81)', 'DESTROYED×INCOME')",0.7250155901072721,0.15499881535358181,0.11622336236655065,0.1820688625376201
"('DESTROYED', 'INCOME', 'GRID_SMOD', 'AGE_DEPENDENCY', 'DESTROYED×INCOME')",0.732842527113324,0.15547100732708366,0.12361644478305488,0.18208164166560484
"('DESTROYED', 'I(INCOME>0.7)', 'TENURE_SECURITY', 'I(TENURE_SECURITY>0.81)')",0.743604823319202,0.15780732737722844,0.1321011319826321,0.18210121201355287
"('DESTROYED', 'INCOME', 'PALMA', 'GRID_SMOD', 'DESTROYED×INCOME')",0.7244563435937664,0.15453821022658534,0.11630706938242477,0.18212964533841455
"('DESTROYED', 'I(DESTROYED>4.5)', 'I(INCOME>0.7)', 'TENURE_SECURITY', 'I(TENURE_SECURITY>0.81)')",0.7515552385810504,0.16870498484593197,0.129384433953558,0.1821780600728132
"('DESTROYED', 'I(INCOME>0.7)', 'I(AGE_DEPENDENCY>0.67)', 'EPR', 'DESTROYED×INCOME')",0.7448228470683346,0.16047679080155478,0.13088831062325784,0.18218075145215937
"('DESTROYED', 'INCOME', 'GRID_SMOD', 'AGE_DEPENDENCY', 'EPR')",0.7357269651027059,0.15981903624682045,0.12252693036243846,0.18220633383551768
"('DESTROYED', 'INCOME', 'EPR')",0.7407818447113907,0.15840822568000185,0.12922469287776395,0.182283691282125
"('DESTROYED', 'INCOME', 'PALMA', 'GRID_SMOD', 'EPR')",0.7293574498291413,0.15642430336691532,0.11982317837847173,0.18229667730541524
"('DESTROYED', 'I(DESTROYED>4.5)', 'GRID_SMOD', 'I(TENURE_SECURITY>0.81)')",0.7507035930919888,0.1694888799431846,0.12827353183648152,0.18235293956255913
"('DESTROYED', 'GRID_SMOD', 'I(AGE_DEPENDENCY>0.67)', 'TENURE_SECURITY', 'EPR')",0.725944920665073,0.1549383595230864,0.11816557257307703,0.18238633714369681
"('DESTROYED', 'I(INCOME>0.7)', 'AGE_DEPENDENCY', 'EPR', 'DESTROYED×INCOME')",0.7464871706668423,0.1622853562495871,0.131382159589256,0.18239344839066693
"('DESTROYED', 'PALMA', 'I(PALMA>0.06)', 'GRID_SMOD', 'EPR')",0.7264228424362014,0.15285388176825812,0.12100143845495397,0.18247749259567025
"('DESTROYED', 'INCOME', 'PALMA', 'I(PALMA>0.06)', 'GRID_SMOD')",0.728628344572704,0.15332103590159796,0.12280616157172532,0.18249961763353975
"('DESTROYED', 'GRID_SMOD')",0.7416578711305344,0.15744718553670825,0.13171714858438602,0.18250215433018666
"('DESTROYED', 'PALMA', 'TENURE_SECURITY', 'EPR', 'DESTROYED×INCOME')",0.73012955576214,0.15456072315994898,0.12330844416767255,0.1825798705218272
"('DESTROYED', 'I(DESTROYED>4.5)', 'INCOME', 'AGE_DEPENDENCY', 'EPR')",0.7551604094136131,0.16790420761754835,0.13503038133758963,0.18259139318050832
"('DESTROYED', 'INCOME', 'TENURE_SECURITY')",0.7397102663512011,0.1567677350004371,0.13101905065273467,0.18269217310065688
"('DESTROYED', 'INCOME', 'I(INCOME>0.7)', 'GRID_SMOD', 'AGE_DEPENDENCY')",0.7436627465285417,0.16128466333329075,0.13046726826264307,0.18269639502246404
"('DESTROYED', 'INCOME', 'I(PALMA>0.06)', 'EPR', 'DESTROYED×INCOME')",0.7251643271207826,0.1535439338844598,0.11974596173149615,0.18270852283172445
"('DESTROYED', 'INCOME', 'PALMA', 'TENURE_SECURITY', 'DESTROYED×INCOME')",0.7254833761057755,0.15332525116028609,0.12057821321838964,0.18280669609096675
"('DESTROYED', 'PALMA', 'I(PALMA>0.06)', 'GRID_SMOD', 'DESTROYED×INCOME')",0.725682005386938,0.15381443054484192,0.12043946596006092,0.18285729703932163
"('DESTROYED', 'INCOME', 'I(PALMA>0.06)', 'GRID_SMOD')",0.731634667047449,0.15117232346980386,0.1290675619449237,0.1828684061224262
"('DESTROYED', 'I(PALMA>0.06)', 'GRID_SMOD', 'DESTROYED×INCOME')",0.7290771753507651,0.15183477375911025,0.12587145283476922,0.18287635041437145
"('DESTROYED', 'INCOME', 'I(INCOME>0.7)', 'TENURE_SECURITY', 'I(TENURE_SECURITY>0.81)')",0.7420904229105458,0.16099732750118745,0.12973904433547903,0.18288198297537353
"('DESTROYED', 'GRID_SMOD', 'I(TENURE_SECURITY>0.81)')",0.7365256860538862,0.15890078542590585,0.1262735826439476,0.18288289400532243
"('DESTROYED', 'INCOME', 'GRID_SMOD', 'I(AGE_DEPENDENCY>0.67)', 'DESTROYED×INCOME')",0.7302061272466416,0.15442599365711096,0.1245675907801465,0.182929152396872
"('DESTROYED', 'INCOME', 'I(AGE_DEPENDENCY>0.67)', 'EPR', 'DESTROYED×INCOME')",0.725160312141099,0.15392782828932913,0.12006775576566155,0.1829450906379639
"('DESTROYED', 'INCOME', 'I(PALMA>0.06)', 'GRID_SMOD', 'EPR')",0.7264120831932828,0.1544706744998223,0.12077926698794109,0.18294595276482686
"('DESTROYED', 'INCOME', 'GRID_SMOD', 'AGE_DEPENDENCY', 'I(AGE_DEPENDENCY>0.67)')",0.7322332573818104,0.1559051291206147,0.12517461114350048,0.18294882762743492
"('DESTROYED', 'I(DESTROYED>4.5)', 'I(INCOME>0.7)', 'TENURE_SECURITY')",0.7523938282496955,0.1676523973820582,0.1336346744949609,0.1829644145424412
"('DESTROYED', 'I(DESTROYED>4.5)', 'TENURE_SECURITY', 'DESTROYED×INCOME')",0.7524860800860284,0.16665374773499123,0.13490936476131407,0.18302567747009232
"('DESTROYED', 'INCOME', 'I(INCOME>0.7)', 'AGE_DEPENDENCY', 'EPR')",0.7449010936826819,0.16166547953257568,0.13232186046165412,0.18302874877051598
"('DESTROYED', 'TENURE_SECURITY', 'DESTROYED×INCOME')",0.7379593312188948,0.15711005377812767,0.12995348080891217,0.18303473445604834
"('DESTROYED', 'GRID_SMOD', 'I(AGE_DEPENDENCY>0.67)', 'I(TENURE_SECURITY>0.81)', 'EPR')",0.727106181653975,0.15637940689423657,0.11983445003564701,0.1830358917586362
"('DESTROYED', 'I(TENURE_SECURITY>0.81)', 'EPR')",0.7361401081547757,0.15739178211128232,0.12801479688150805,0.18308882361267154
"('DESTROYED', 'INCOME', 'I(TENURE_SECURITY>0.81)', 'DESTROYED×INCOME')",0.7331054260607583,0.15841296238953148,0.12400345753103205,0.18310366461993507
"('DESTROYED', 'I(PALMA>0.06)', 'GRID_SMOD', 'I(TENURE_SECURITY>0.81)', 'EPR')",0.7229763609260669,0.1538874964408414,0.1184209572450803,0.18311069758661827
"('DESTROYED', 'INCOME', 'I(PALMA>0.06)', 'GRID_SMOD', 'I(TENURE_SECURITY>0.81)')",0.7252341067358135,0.15333909713991908,0.12129226466437477,0.18313241835616015
"('DESTROYED', 'I(DESTROYED>4.5)', 'I(INCOME>0.7)', 'AGE_DEPENDENCY', 'EPR')",0.7550229365194586,0.16814553843233887,0.13638009208691393,0.1831675646665981
"('DESTROYED', 'INCOME', 'I(INCOME>0.7)', 'GRID_SMOD', 'I(AGE_DEPENDENCY>0.67)')",0.742656484252002,0.15883239230702917,0.1333398218061407,0.1831719099537226
"('DESTROYED', 'I(INCOME>0.7)', 'PALMA', 'GRID_SMOD', 'EPR')",0.7386561255147349,0.15919360361308169,0.12918018083916788,0.18323921964583822
"('DESTROYED', 'I(PALMA>0.06)', 'GRID_SMOD', 'TENURE_SECURITY')",0.7259586805389382,0.15258767588794434,0.12315934844204754,0.18326278126368456
"('DESTROYED', 'GRID_SMOD', 'AGE_DEPENDENCY', 'EPR', 'DESTROYED×INCOME')",0.7329128809499224,0.1592437019077284,0.12345758380764127,0.18326280158848243
"('DESTROYED', 'EPR', 'DESTROYED×INCOME')",0.7388958676766926,0.15814972060744797,0.13079406483025188,0.18334930592033574
"('DESTROYED', 'I(INCOME>0.7)', 'GRID_SMOD', 'AGE_DEPENDENCY', 'DESTROYED×INCOME')",0.7441711680460692,0.1615833576842801,0.13272417581599638,0.18337878848473577
"('DESTROYED', 'I(DESTROYED>4.5)', 'I(INCOME>0.7)', 'I(TENURE_SECURITY>0.81)')",0.7514149803916523,0.1684343984193631,0.13321684658664198,0.18341208820478427
"('DESTROYED', 'INCOME', 'PALMA', 'GRID_SMOD', 'TENURE_SECURITY')",0.7244406866531986,0.15552697272512928,0.11940331554925337,0.183496533873728
"('DESTROYED', 'I(DESTROYED>4.5)', 'GRID_SMOD', 'AGE_DEPENDENCY', 'I(TENURE_SECURITY>0.81)')",0.7531776174303285,0.16842120624221749,0.13536982144563117,0.1835378034191734
"('DESTROYED', 'I(PALMA>0.06)', 'GRID_SMOD', 'I(TENURE_SECURITY>0.81)', 'DESTROYED×INCOME')",0.7226573075471092,0.15378878927552667,0.11950617754937937,0.18354588642593228
"('DESTROYED', 'I(INCOME>0.7)', 'GRID_SMOD', 'I(AGE_DEPENDENCY>0.67)', 'DESTROYED×INCOME')",0.7447022034275801,0.15985295383608303,0.13551320548030715,0.18355465196293672
"('DESTROYED', 'GRID_SMOD', 'AGE_DEPENDENCY', 'I(AGE_DEPENDENCY>0.67)', 'DESTROYED×INCOME')",0.7306433038900579,0.15604120884826003,0.12545945350266463,0.18361911948695556
"('DESTROYED', 'I(INCOME>0.7)', 'I(PALMA>0.06)', 'GRID_SMOD', 'TENURE_SECURITY')",0.7321464867602958,0.15445166365582988,0.12859894145699216,0.18363470611750876
"('DESTROYED', 'INCOME', 'I(PALMA>0.06)', 'TENURE_SECURITY', 'EPR')",0.7279380493474406,0.15394526323436364,0.12493080330370919,0.18364600573021075
"('DESTROYED', 'I(INCOME>0.7)', 'TENURE_SECURITY', 'I(TENURE_SECURITY>0.81)', 'DESTROYED×INCOME')",0.7441040984620997,0.16089367498890172,0.13416371122915502,0.18365109591865236
"('DESTROYED', 'GRID_SMOD', 'AGE_DEPENDENCY', 'EPR')",0.7330596254825741,0.15767201147375398,0.12639330504536417,0.183668563678848
"('DESTROYED', 'I(INCOME>0.7)', 'GRID_SMOD', 'I(AGE_DEPENDENCY>0.67)', 'EPR')",0.7359542688270206,0.16115698540112292,0.12595074513032103,0.18371782056814112
"('DESTROYED', 'I(INCOME>0.7)', 'I(PALMA>0.06)', 'GRID_SMOD', 'I(TENURE_SECURITY>0.81)')",0.7325860735006424,0.15380581654094552,0.13013290729622207,0.1837842167788417
"('DESTROYED', 'I(DESTROYED>4.5)', 'INCOME', 'GRID_SMOD')",0.7486900827928374,0.16897716413472344,0.1310974004625,0.18379482726812868
"('DESTROYED', 'I(DESTROYED>4.5)', 'I(INCOME>0.7)', 'GRID_SMOD')",0.7474981850260769,0.1688678490850681,0.13038746989455421,0.1839190446511818
"('DESTROYED', 'I(DESTROYED>4.5)', 'GRID_SMOD', 'DESTROYED×INCOME')",0.7500087070372335,0.1689840802855712,0.13285934152383616,0.18394490492405793
"('DESTROYED', 'GRID_SMOD', 'AGE_DEPENDENCY', 'I(AGE_DEPENDENCY>0.67)', 'I(TENURE_SECURITY>0.81)')",0.7273686165746598,0.15527681795486442,0.12398713544876662,0.18396511227632373
"('DESTROYED', 'GRID_SMOD', 'I(AGE_DEPENDENCY>0.67)', 'EPR', 'DESTROYED×INCOME')",0.7285786802396985,0.1569319458303326,0.12371952518619068,0.18402426359227494
"('DESTROYED', 'I(PALMA>0.06)', 'TENURE_SECURITY', 'EPR', 'DESTROYED×INCOME')",0.7272557517623093,0.15341254962923243,0.1259965115037239,0.184051103123549
"('DESTROYED', 'I(DESTROYED>4.5)', 'I(TENURE_SECURITY>0.81)', 'EPR')",0.7481254735951186,0.1709071049402499,0.12959928116092548,0.18412697083535226
"('DESTROYED', 'I(DESTROYED>4.5)', 'AGE_DEPENDENCY', 'I(TENURE_SECURITY>0.81)', 'EPR')",0.7508583192146221,0.16816571144932743,0.13511792003950188,0.18414177075806906
"('DESTROYED', 'INCOME', 'GRID_SMOD')",0.7375883296960094,0.15857072706905898,0.13159672053136626,0.18419303930147193
"('DESTROYED', 'INCOME', 'TENURE_SECURITY', 'I(TENURE_SECURITY>0.81)')",0.7337886085616884,0.1562227669291485,0.1301657476877327,0.18419996868506427
"('DESTROYED', 'I(DESTROYED>4.5)', 'INCOME', 'TENURE_SECURITY', 'I(TENURE_SECURITY>0.81)')",0.7487986746602349,0.16782269901569025,0.1336128271295014,0.18421228382831892
"('DESTROYED', 'I(PALMA>0.06)', 'TENURE_SECURITY', 'I(TENURE_SECURITY>0.81)', 'EPR')",0.721218680552012,0.15293343455398115,0.12109161611840932,0.18426879004012617
"('DESTROYED', 'PALMA', 'GRID_SMOD', 'EPR', 'DESTROYED×INCOME')",0.7259938303803206,0.15670976962510955,0.12219259981227884,0.18430284635235594
"('DESTROYED', 'I(DESTROYED>4.5)', 'GRID_SMOD', 'TENURE_SECURITY')",0.7480933536602994,0.16905931638063598,0.13220711747164968,0.1843910267306621
"('DESTROYED', 'I(PALMA>0.06)', 'GRID_SMOD', 'EPR', 'DESTROYED×INCOME')",0.7239808591105292,0.15427666344826146,0.1231273625234556,0.18447438895372928
"('DESTROYED', 'I(DESTROYED>4.5)', 'TENURE_SECURITY', 'I(TENURE_SECURITY>0.81)', 'DESTROYED×INCOME')",0.7493695448512891,0.16785845211010078,0.13495776034892584,0.18448222253591248
"('DESTROYED', 'PALMA', 'GRID_SMOD', 'I(TENURE_SECURITY>0.81)', 'EPR')",0.7216098470740402,0.15812851121835145,0.11693698322846773,0.18448521579092633
"('DESTROYED', 'PALMA', 'TENURE_SECURITY', 'I(TENURE_SECURITY>0.81)', 'EPR')",0.7216323808829253,0.15478925554204598,0.12032994086916395,0.18449560517609487
"('DESTROYED', 'INCOME', 'I(INCOME>0.7)')",0.744851857382729,0.1599950744825571,0.1384315314320708,0.18452491617729963
"('DESTROYED', 'I(DESTROYED>4.5)', 'INCOME', 'AGE_DEPENDENCY', 'DESTROYED×INCOME')",0.7460554571246582,0.16648643018478101,0.1335993679510291,0.18467678033705068
"('DESTROYED', 'I(DESTROYED>4.5)', 'INCOME', 'EPR')",0.7486893266218835,0.16911958098915952,0.13382040951631394,0.18475022129453
"('DESTROYED', 'INCOME', 'I(PALMA>0.06)', 'TENURE_SECURITY', 'DESTROYED×INCOME')",0.7210140961439183,0.15323508786536513,0.12210765419539223,0.18477621530561303
"('DESTROYED', 'PALMA', 'GRID_SMOD', 'TENURE_SECURITY', 'I(TENURE_SECURITY>0.81)')",0.7186403462337425,0.15673921394020474,0.11640918640874871,0.18483601803840366
"('DESTROYED', 'INCOME', 'I(INCOME>0.7)', 'AGE_DEPENDENCY', 'DESTROYED×INCOME')",0.7412250811616856,0.1585909835503655,0.13719491138490275,0.18485360459119424
"('DESTROYED', 'INCOME', 'GRID_SMOD', 'I(TENURE_SECURITY>0.81)')",0.7313994420595868,0.16043492322207056,0.12565447112072362,0.18489665076106912
"('DESTROYED', 'I(DESTROYED>4.5)', 'EPR', 'DESTROYED×INCOME')",0.7501293968954039,0.16884377380948157,0.13605816458459755,0.1849241804995584
"('DESTROYED', 'TENURE_SECURITY', 'I(TENURE_SECURITY>0.81)', 'DESTROYED×INCOME')",0.7325180303841887,0.15639489168973228,0.13125973826041767,0.18504553318865372
"('DESTROYED', 'PALMA', 'I(PALMA>0.06)', 'GRID_SMOD', 'TENURE_SECURITY')",0.7204746821816397,0.15492766998640872,0.12082118670533476,0.18509139150336792
"('DESTROYED', 'PALMA', 'GRID_SMOD', 'TENURE_SECURITY', 'DESTROYED×INCOME')",0.7209081132997268,0.15657226032558988,0.1198032487991604,0.18515579860834117
"('DESTROYED', 'I(DESTROYED>4.5)', 'GRID_SMOD', 'EPR')",0.7459377537675231,0.17140790819130575,0.13026861619871563,0.18524625687416607
"('DESTROYED', 'INCOME', 'I(INCOME>0.7)', 'I(AGE_DEPENDENCY>0.67)', 'DESTROYED×INCOME')",0.7386977819693903,0.15668643557932646,0.13776688684665347,0.18525184681886323
"('DESTROYED', 'I(INCOME>0.7)', 'I(TENURE_SECURITY>0.81)', 'DESTROYED×INCOME')",0.744272110488145,0.1622583558305411,0.13781230215255652,0.18526618249831753
"('DESTROYED', 'AGE_DEPENDENCY', 'TENURE_SECURITY', 'I(TENURE_SECURITY>0.81)', 'EPR')",0.7245623426702316,0.15493358285012634,0.12608321804006714,0.18548481940665398
"('DESTROYED', 'I(INCOME>0.7)', 'TENURE_SECURITY')",0.7457974088809471,0.15882204793720567,0.1434325992357697,0.18548574609734272
"('DESTROYED', 'INCOME', 'I(INCOME>0.7)', 'I(TENURE_SECURITY>0.81)')",0.7406364267739498,0.16199963720253072,0.13543324877564156,0.18559881973474082
"('DESTROYED', 'I(DESTROYED>4.5)', 'INCOME', 'I(INCOME>0.7)')",0.7487462699040924,0.16951251709336015,0.136223168400553,0.18566313852994024
"('DESTROYED', 'INCOME', 'I(PALMA>0.06)', 'GRID_SMOD', 'DESTROYED×INCOME')",0.7205724958959435,0.15466857475441836,0.12302972569383071,0.18570860151743518
"('DESTROYED', 'I(DESTROYED>4.5)', 'GRID_SMOD', 'AGE_DEPENDENCY', 'EPR')",0.7489237592311031,0.17092818599839518,0.13525157358587248,0.18575200011772153
"('DESTROYED', 'I(DESTROYED>4.5)', 'TENURE_SECURITY', 'EPR')",0.746269711526893,0.17008016230772022,0.13349834943096384,0.18576960007059698
"('DESTROYED', 'GRID_SMOD', 'DESTROYED×INCOME')",0.7347648013682637,0.1595847529204782,0.1327343180681974,0.18585142320680395
"('DESTROYED', 'I(PALMA>0.06)', 'GRID_SMOD', 'TENURE_SECURITY', 'I(TENURE_SECURITY>0.81)')",0.7184327505659507,0.15463549936155327,0.12147955988219328,0.18589410289259864
"('DESTROYED', 'GRID_SMOD', 'AGE_DEPENDENCY', 'TENURE_SECURITY', 'I(TENURE_SECURITY>0.81)')",0.725678589205575,0.15726004242409822,0.12614979559896866,0.18591041627249727
"('DESTROYED', 'GRID_SMOD', 'I(TENURE_SECURITY>0.81)', 'DESTROYED×INCOME')",0.7289674205795875,0.1614081417413353,0.12634040681617836,0.18626037599264203
"('DESTROYED', 'I(DESTROYED>4.5)', 'GRID_SMOD', 'I(TENURE_SECURITY>0.81)', 'DESTROYED×INCOME')",0.7434013383043798,0.17253782230136133,0.13045728749237803,0.18653125716311983
"('DESTROYED', 'I(DESTROYED>4.5)', 'INCOME', 'GRID_SMOD', 'I(TENURE_SECURITY>0.81)')",0.7428505781320021,0.17243804176368602,0.13002830078523064,0.18653858813897153
"('DESTROYED', 'GRID_SMOD', 'AGE_DEPENDENCY', 'I(AGE_DEPENDENCY>0.67)', 'EPR')",0.7194815469752975,0.15814954779746354,0.12118076262304252,0.18661625448173616
"('DESTROYED', 'I(INCOME>0.7)', 'DESTROYED×INCOME')",0.7477304457830684,0.16031938202546864,0.14727133897640857,0.18662009173960295
"('DESTROYED', 'GRID_SMOD', 'EPR')",0.7328897401586207,0.16191238140671782,0.1310643561253524,0.18669566579114982
"('DESTROYED', 'INCOME', 'I(TENURE_SECURITY>0.81)', 'EPR')",0.7332039829651482,0.16057368052034124,0.1327790006639597,0.18671623273971757
"('DESTROYED', 'TENURE_SECURITY', 'EPR')",0.7321059651630415,0.15999004576576548,0.13236595264487958,0.18675001108253453
"('DESTROYED', 'I(DESTROYED>4.5)', 'GRID_SMOD', 'TENURE_SECURITY', 'I(TENURE_SECURITY>0.81)')",0.7440263089217347,0.1703872152085627,0.13406556773221312,0.1868088246730137
"('DESTROYED', 'I(INCOME>0.7)', 'GRID_SMOD', 'TENURE_SECURITY', 'I(TENURE_SECURITY>0.81)')",0.732155900062917,0.16123708981861515,0.13159159934067557,0.18689092969879126
"('DESTROYED', 'I(TENURE_SECURITY>0.81)', 'EPR', 'DESTROYED×INCOME')",0.7314915245815845,0.16034798215652468,0.13200099035229168,0.18695248264241063
"('DESTROYED', 'I(INCOME>0.7)', 'GRID_SMOD')",0.7405375267381067,0.16025287676276284,0.14133760170371626,0.18701765057612416
"('DESTROYED', 'I(DESTROYED>4.5)', 'I(INCOME>0.7)', 'GRID_SMOD', 'TENURE_SECURITY')",0.7432017389068628,0.1707774564974459,0.13380887740798353,0.18712819833285554
"('DESTROYED', 'INCOME', 'TENURE_SECURITY', 'DESTROYED×INCOME')",0.7280520531883774,0.1602601788950712,0.12921179264262997,0.18713997278310793
"('DESTROYED', 'I(INCOME>0.7)', 'GRID_SMOD', 'I(TENURE_SECURITY>0.81)')",0.7344595703636687,0.16221203460795694,0.13374409778308108,0.18716552067578976
"('DESTROYED', 'INCOME', 'I(PALMA>0.06)', 'GRID_SMOD', 'TENURE_SECURITY')",0.7200305797272848,0.15489706001820194,0.1266359730331147,0.18716748444134393
"('DESTROYED', 'I(DESTROYED>4.5)', 'I(INCOME>0.7)', 'GRID_SMOD', 'I(TENURE_SECURITY>0.81)')",0.7410827490504557,0.17158577956705826,0.13140220454951307,0.18730174502203856
"('DESTROYED', 'I(PALMA>0.06)', 'GRID_SMOD', 'TENURE_SECURITY', 'EPR')",0.7169568213421326,0.15771970108151503,0.12151222621499498,0.18742503531812582
"('DESTROYED', 'I(DESTROYED>4.5)', 'I(TENURE_SECURITY>0.81)', 'EPR', 'DESTROYED×INCOME')",0.7427532823675906,0.17301915962370845,0.13210522143113332,0.18745703289575036
"('DESTROYED', 'GRID_SMOD', 'AGE_DEPENDENCY', 'I(TENURE_SECURITY>0.81)', 'EPR')",0.7245930605756415,0.16104112172725954,0.12603437904457943,0.1874941467320658
"('DESTROYED', 'I(DESTROYED>4.5)', 'I(INCOME>0.7)', 'EPR')",0.7461873439872724,0.17199737187192077,0.13684122954834807,0.18755041914433215
"('DESTROYED', 'INCOME', 'EPR', 'DESTROYED×INCOME')",0.7296450745678686,0.16180311843265752,0.13076889732002522,0.18764231372827136
"('DESTROYED', 'I(INCOME>0.7)', 'EPR')",0.7440470067247233,0.16215977371353518,0.1449450630416418,0.18768594334348454
"('DESTROYED', 'I(DESTROYED>4.5)', 'INCOME', 'GRID_SMOD', 'TENURE_SECURITY')",0.7413060547197221,0.1712622997937771,0.1332545156484089,0.1877369202408213
"('DESTROYED', 'I(DESTROYED>4.5)', 'INCOME', 'I(TENURE_SECURITY>0.81)', 'EPR')",0.7416697839266976,0.17304510055349995,0.1319210937271826,0.18776547011799502
"('DESTROYED', 'GRID_SMOD', 'TENURE_SECURITY')",0.7315076873822632,0.1611982146681754,0.1337929751893922,0.18782783415843482
"('DESTROYED', 'INCOME', 'GRID_SMOD', 'DESTROYED×INCOME')",0.7281768208624027,0.16104462172824302,0.13068720851546864,0.18785166979376966
"('DESTROYED', 'PALMA', 'GRID_SMOD', 'TENURE_SECURITY', 'EPR')",0.7167745615117642,0.16065730037353346,0.11998465367464654,0.18795579751213856
"('DESTROYED', 'I(PALMA>0.06)', 'GRID_SMOD', 'TENURE_SECURITY', 'DESTROYED×INCOME')",0.7176511070758173,0.15570657667796145,0.1258871282957741,0.18798086596597274
"('DESTROYED', 'GRID_SMOD', 'AGE_DEPENDENCY', 'TENURE_SECURITY', 'EPR')",0.7228084970017764,0.1602796390659956,0.1264830028480236,0.18798471497074762
"('DESTROYED', 'I(DESTROYED>4.5)', 'TENURE_SECURITY', 'I(TENURE_SECURITY>0.81)', 'EPR')",0.7421774179197206,0.17153926078687393,0.13483975587471356,0.18806719958062232
"('DESTROYED', 'INCOME', 'TENURE_SECURITY', 'EPR')",0.7307348874002007,0.1625975403136907,0.1332728070700782,0.18837848666118942
"('DESTROYED', 'INCOME', 'GRID_SMOD', 'EPR')",0.7298708864245551,0.16363697897672475,0.13143266748996787,0.18839958668071252
"('DESTROYED', 'I(DESTROYED>4.5)', 'INCOME', 'I(INCOME>0.7)', 'TENURE_SECURITY')",0.7448314374372031,0.171046103773878,0.13951460039077637,0.18857642224248372
"('DESTROYED', 'GRID_SMOD', 'TENURE_SECURITY', 'I(TENURE_SECURITY>0.81)')",0.7252283960342626,0.16094797314144735,0.1301666261140787,0.18862873440708783
"('DESTROYED', 'I(INCOME>0.7)', 'I(TENURE_SECURITY>0.81)', 'EPR')",0.7375231431817584,0.16494958542541513,0.1385569630073113,0.188661135083656
"('DESTROYED', 'I(DESTROYED>4.5)', 'I(INCOME>0.7)', 'DESTROYED×INCOME')",0.7481932710128332,0.17040910340129345,0.14397614187589505,0.18873065808811842
"('DESTROYED', 'INCOME', 'GRID_SMOD', 'I(TENURE_SECURITY>0.81)', 'DESTROYED×INCOME')",0.7218206940105811,0.16304659339737299,0.12531057407880755,0.1888454911551998
"('DESTROYED', 'TENURE_SECURITY', 'I(TENURE_SECURITY>0.81)', 'EPR')",0.7248047233611941,0.1595439518228944,0.13184986434572088,0.18886303093580706
"('DESTROYED', 'I(DESTROYED>4.5)', 'GRID_SMOD', 'TENURE_SECURITY', 'DESTROYED×INCOME')",0.7416047784366098,0.17177068120192707,0.1367164138689924,0.18896077221143656
"('DESTROYED', 'INCOME', 'TENURE_SECURITY', 'I(TENURE_SECURITY>0.81)', 'DESTROYED×INCOME')",0.7215580128464878,0.16004065629739475,0.1287023934522686,0.1890616789677252
"('DESTROYED', 'I(DESTROYED>4.5)', 'INCOME', 'I(INCOME>0.7)', 'I(TENURE_SECURITY>0.81)')",0.7441622754969692,0.17225366611074405,0.13911654608696347,0.18906931223357945
"('DESTROYED', 'I(DESTROYED>4.5)', 'INCOME', 'GRID_SMOD', 'EPR')",0.7381257472043083,0.17381015121234547,0.13167531507246105,0.18911990636016607
"('DESTROYED', 'TENURE_SECURITY', 'EPR', 'DESTROYED×INCOME')",0.7288006913910594,0.1625827415515769,0.13431626690397527,0.18936610568816425
"('DESTROYED', 'GRID_SMOD', 'I(TENURE_SECURITY>0.81)', 'EPR')",0.7252651035847888,0.16455445464858767,0.12886486768268962,0.18938473958216284
"('DESTROYED', 'I(INCOME>0.7)', 'TENURE_SECURITY', 'I(TENURE_SECURITY>0.81)', 'EPR')",0.7334964621621992,0.16381446989917134,0.1380321891069293,0.18945006561463382
"('DESTROYED', 'I(INCOME>0.7)', 'TENURE_SECURITY', 'DESTROYED×INCOME')",0.7421338857940258,0.16243593389186872,0.14815097575151845,0.18948434128312044
"('DESTROYED', 'INCOME', 'I(INCOME>0.7)', 'TENURE_SECURITY')",0.7392343033043407,0.16217206948880789,0.14560431655632355,0.1895140275802636
"('DESTROYED', 'I(DESTROYED>4.5)', 'I(INCOME>0.7)', 'TENURE_SECURITY', 'EPR')",0.7413722159002623,0.17374401514007398,0.13617409219193602,0.1895152971439159
"('DESTROYED', 'I(DESTROYED>4.5)', 'INCOME', 'DESTROYED×INCOME')",0.7333518566808903,0.17181757075399576,0.1302009014765082,0.18955553851653786
"('DESTROYED', 'I(DESTROYED>4.5)', 'INCOME', 'TENURE_SECURITY', 'EPR')",0.7407875194577953,0.1724032829409539,0.13705129202388502,0.18955568516901455
"('DESTROYED', 'INCOME', 'GRID_SMOD', 'TENURE_SECURITY')",0.7277472647811452,0.1624968500262877,0.13395886296186676,0.18956948273566976
"('DESTROYED', 'I(DESTROYED>4.5)', 'GRID_SMOD', 'I(TENURE_SECURITY>0.81)', 'EPR')",0.738006234403173,0.17579990494384815,0.13173908967975742,0.18984425340681085
"('DESTROYED', 'I(DESTROYED>4.5)', 'TENURE_SECURITY', 'EPR', 'DESTROYED×INCOME')",0.7417277496983645,0.1723680084394567,0.13928596042484584,0.189975406388646
"('DESTROYED', 'GRID_SMOD', 'EPR', 'DESTROYED×INCOME')",0.7269939528815054,0.16439252463830042,0.13349756562020637,0.19029871245900046
"('DESTROYED', 'I(DESTROYED>4.5)', 'GRID_SMOD', 'EPR', 'DESTROYED×INCOME')",0.7394757844535966,0.173798233754469,0.13675065760097263,0.190357702300615
"('DESTROYED', 'I(DESTROYED>4.5)', 'I(INCOME>0.7)', 'I(TENURE_SECURITY>0.81)', 'DESTROYED×INCOME')",0.7433220314092,0.1729207469513922,0.14197632400410348,0.19052501318209858
"('DESTROYED', 'I(INCOME>0.7)', 'GRID_SMOD', 'TENURE_SECURITY')",0.7338841158631753,0.16312903052928873,0.14259631135198828,0.1906137420060339
"('DESTROYED', 'I(DESTROYED>4.5)', 'INCOME', 'I(INCOME>0.7)', 'GRID_SMOD')",0.7394827901484762,0.1735931263417102,0.1378442679254127,0.19065153470621557
"('DESTROYED', 'INCOME', 'I(INCOME>0.7)', 'EPR')",0.7361174290318029,0.16551323652376174,0.14316965424462846,0.19085515391219576
"('DESTROYED', 'INCOME', 'I(INCOME>0.7)', 'GRID_SMOD')",0.734521717186787,0.16489874328523824,0.1422384109783579,0.19087181235893635
"('DESTROYED', 'INCOME', 'GRID_SMOD', 'TENURE_SECURITY', 'I(TENURE_SECURITY>0.81)')",0.720665999481591,0.16237007397475348,0.13104955214341246,0.19091787554552497
"('DESTROYED', 'I(DESTROYED>4.5)', 'GRID_SMOD', 'TENURE_SECURITY', 'EPR')",0.7355843415485361,0.17556158174622455,0.1328035124109671,0.1909269175362185
"('DESTROYED', 'I(INCOME>0.7)', 'TENURE_SECURITY', 'EPR')",0.7372882088036379,0.16439320700343155,0.14583278139989778,0.19097925986656383
"('DESTROYED', 'I(INCOME>0.7)', 'EPR', 'DESTROYED×INCOME')",0.7388206648930733,0.16562877487008945,0.14657032959898578,0.191126146525334
"('DESTROYED', 'INCOME', 'TENURE_SECURITY', 'I(TENURE_SECURITY>0.81)', 'EPR')",0.7224307943688099,0.1624270596915571,0.13345317847484747,0.19114981459919825
"('DESTROYED', 'I(DESTROYED>4.5)', 'I(INCOME>0.7)', 'TENURE_SECURITY', 'DESTROYED×INCOME')",0.7439716769133242,0.1718556377064611,0.1457021807431551,0.1911953805120973
"('DESTROYED', 'I(INCOME>0.7)', 'GRID_SMOD', 'I(TENURE_SECURITY>0.81)', 'DESTROYED×INCOME')",0.7323525345716233,0.16698572844859266,0.13903768855413878,0.19122362747703603
"('DESTROYED', 'INCOME', 'I(TENURE_SECURITY>0.81)', 'EPR', 'DESTROYED×INCOME')",0.7215011156384793,0.16448510158305446,0.13076376888364405,0.19124925160940642
"('DESTROYED', 'I(DESTROYED>4.5)', 'INCOME', 'I(TENURE_SECURITY>0.81)', 'DESTROYED×INCOME')",0.7298919682671534,0.17411496248785516,0.12960388681903595,0.19127562701324588
"('DESTROYED', 'I(DESTROYED>4.5)', 'I(INCOME>0.7)', 'I(TENURE_SECURITY>0.81)', 'EPR')",0.7398054960156566,0.17552893610837103,0.13894956037861073,0.19155766682377506
"('DESTROYED', 'TENURE_SECURITY', 'I(TENURE_SECURITY>0.81)', 'EPR', 'DESTROYED×INCOME')",0.7208241180779349,0.16229322590428258,0.1332836978896468,0.19158426857199817
"('DESTROYED', 'I(INCOME>0.7)', 'GRID_SMOD', 'DESTROYED×INCOME')",0.7369324792314033,0.1649807341742384,0.14716430079693837,0.1917375185799245
"('DESTROYED', 'INCOME', 'I(INCOME>0.7)', 'GRID_SMOD', 'I(TENURE_SECURITY>0.81)')",0.7293157949524789,0.16741533844118867,0.1372567514420353,0.19178543164358172
"('DESTROYED', 'GRID_SMOD', 'TENURE_SECURITY', 'DESTROYED×INCOME')",0.7246311714767053,0.16381152985777675,0.136525832146819,0.1919020635092968
"('DESTROYED', 'INCOME', 'I(INCOME>0.7)', 'DESTROYED×INCOME')",0.7353517470845539,0.1630749307332456,0.14827010307075986,0.1919977622398172
"('DESTROYED', 'INCOME', 'GRID_SMOD', 'I(TENURE_SECURITY>0.81)', 'EPR')",0.7206717772637266,0.16671295576097414,0.13004118489795824,0.1920274544650686
"('DESTROYED', 'I(DESTROYED>4.5)', 'I(INCOME>0.7)', 'GRID_SMOD', 'EPR')",0.7358070068507843,0.1753197176026211,0.13712175418035538,0.19221148831073073
"('DESTROYED', 'GRID_SMOD', 'TENURE_SECURITY', 'I(TENURE_SECURITY>0.81)', 'DESTROYED×INCOME')",0.7181537373127139,0.16348091496948242,0.13143183703132005,0.1922530048960295
"('DESTROYED', 'INCOME', 'I(INCOME>0.7)', 'I(TENURE_SECURITY>0.81)', 'DESTROYED×INCOME')",0.7302039871603928,0.16511163428456652,0.1420618916404191,0.19232317958819758
"('DESTROYED', 'I(INCOME>0.7)', 'GRID_SMOD', 'EPR')",0.7323333207526559,0.16644237213269253,0.14361650481673638,0.19257518539892435
"('DESTROYED', 'INCOME', 'GRID_SMOD', 'TENURE_SECURITY', 'DESTROYED×INCOME')",0.7167259792495528,0.16519859065630513,0.1318597898192432,0.1934441337419985
"('DESTROYED', 'GRID_SMOD', 'I(TENURE_SECURITY>0.81)', 'EPR', 'DESTROYED×INCOME')",0.7178973447193409,0.1674593287728389,0.13087613738996792,0.19347937381448865
"('DESTROYED', 'I(DESTROYED>4.5)', 'I(INCOME>0.7)', 'GRID_SMOD', 'DESTROYED×INCOME')",0.7389494287729614,0.17382744068469275,0.1458077267702443,0.19356191289399186
"('DESTROYED', 'GRID_SMOD', 'TENURE_SECURITY', 'EPR')",0.7215679796554184,0.16730992713921114,0.1351188559542128,0.1936202678126685
"('DESTROYED', 'I(DESTROYED>4.5)', 'INCOME', 'I(INCOME>0.7)', 'EPR')",0.7376249371169918,0.17434224415570787,0.14429469694955108,0.19367066799608904
"('DESTROYED', 'INCOME', 'GRID_SMOD', 'EPR', 'DESTROYED×INCOME')",0.7190752870927415,0.16646004082668284,0.1347651546012664,0.19404996944506925
"('DESTROYED', 'I(INCOME>0.7)', 'I(TENURE_SECURITY>0.81)', 'EPR', 'DESTROYED×INCOME')",0.7312971874401177,0.16908884066642627,0.14441405453634018,0.19406856925421623
"('DESTROYED', 'INCOME', 'TENURE_SECURITY', 'EPR', 'DESTROYED×INCOME')",0.7181753206923425,0.16604535533100365,0.1346426662881463,0.19417090030893583
"('DESTROYED', 'I(DESTROYED>4.5)', 'INCOME', 'TENURE_SECURITY', 'DESTROYED×INCOME')",0.7236832147484216,0.17469166407510062,0.13303533814428858,0.19468126249032255
"('DESTROYED', 'INCOME', 'I(INCOME>0.7)', 'I(TENURE_SECURITY>0.81)', 'EPR')",0.7262960286406861,0.16914322312246166,0.1416596956565436,0.19483563004610638
"('DESTROYED', 'I(DESTROYED>4.5)', 'I(INCOME>0.7)', 'EPR', 'DESTROYED×INCOME')",0.7372399028554963,0.1752453017292038,0.1465817043613469,0.1948623677450181
"('DESTROYED', 'I(INCOME>0.7)', 'GRID_SMOD', 'I(TENURE_SECURITY>0.81)', 'EPR')",0.7243172479888991,0.16958338785225757,0.13946730097355833,0.19491114694563894
"('DESTROYED', 'I(INCOME>0.7)', 'GRID_SMOD', 'TENURE_SECURITY', 'DESTROYED×INCOME')",0.7305529118700038,0.16753677766311736,0.14824345236909492,0.19507577272073617
"('DESTROYED', 'INCOME', 'I(INCOME>0.7)', 'GRID_SMOD', 'TENURE_SECURITY')",0.7279972437900855,0.16768576318623898,0.14810720129117638,0.19593190689577664
"('DESTROYED', 'GRID_SMOD', 'TENURE_SECURITY', 'I(TENURE_SECURITY>0.81)', 'EPR')",0.7126599318125572,0.16754023117987044,0.13324616487152338,0.19604215474627887
"('DESTROYED', 'I(INCOME>0.7)', 'TENURE_SECURITY', 'EPR', 'DESTROYED×INCOME')",0.7321710781813693,0.16794854215621163,0.1527512074789632,0.1961762238179352
"('DESTROYED', 'INCOME', 'GRID_SMOD', 'TENURE_SECURITY', 'EPR')",0.7181796607106316,0.16913400082618157,0.137604153930758,0.19618616468210268
"('DESTROYED', 'INCOME', 'I(INCOME>0.7)', 'TENURE_SECURITY', 'DESTROYED×INCOME')",0.7284919864088949,0.1654073155935157,0.15166006249492875,0.1961917972265165
"('DESTROYED', 'I(DESTROYED>4.5)', 'INCOME', 'GRID_SMOD', 'DESTROYED×INCOME')",0.7184910286170771,0.17722690374517905,0.13059857135560182,0.1964448154945679
"('DESTROYED', 'INCOME', 'I(INCOME>0.7)', 'GRID_SMOD', 'DESTROYED×INCOME')",0.7258013890211399,0.16687939594802081,0.14849045223288818,0.19652281971992303
"('DESTROYED', 'I(DESTROYED>4.5)', 'INCOME', 'EPR', 'DESTROYED×INCOME')",0.7218353124023673,0.17668877679027054,0.13503953805848,0.19663100081546106
"('DESTROYED', 'INCOME', 'I(INCOME>0.7)', 'TENURE_SECURITY', 'EPR')",0.7291910667700408,0.16823542539729328,0.15210159963441608,0.19704865275388952
"('DESTROYED', 'INCOME', 'I(INCOME>0.7)', 'EPR', 'DESTROYED×INCOME')",0.7256639706952029,0.16862439534425977,0.14904289093375614,0.19733443852760432
"('DESTROYED', 'I(INCOME>0.7)', 'GRID_SMOD', 'TENURE_SECURITY', 'EPR')",0.7240308991023332,0.16931000565441556,0.14703331423142582,0.19743747359450273
"('DESTROYED', 'I(DESTROYED>4.5)', 'INCOME', 'I(INCOME>0.7)', 'DESTROYED×INCOME')",0.7241373553701305,0.17651100412005521,0.14168904941050964,0.19802089938681147
"('DESTROYED', 'GRID_SMOD', 'TENURE_SECURITY', 'EPR', 'DESTROYED×INCOME')",0.7152774574534408,0.17012354259212595,0.1398222229788275,0.1982227693725042
"('DESTROYED', 'INCOME', 'I(INCOME>0.7)', 'GRID_SMOD', 'EPR')",0.7255052693250394,0.17066094504701504,0.15064399731641623,0.1985998910127973
"('DESTROYED', 'I(INCOME>0.7)', 'GRID_SMOD', 'EPR', 'DESTROYED×INCOME')",0.7275528271146434,0.17043408150133577,0.15360412128351905,0.19882845855673714
